n,snr,mech,strength,rep,D_e
50,0.5,S0,0.2,0,0.7202046492574092
50,0.5,S0,0.2,1,0.8506251539095042
50,0.5,S0,0.2,2,0.49143386566069935
50,0.5,S0,0.2,3,1.6546952249322948
50,0.5,S0,0.2,4,0.8897537937058482
50,0.5,S0,0.2,5,0.6460550214727734
50,0.5,S0,0.2,6,0.8513612040081315
50,0.5,S0,0.2,7,0.9663763596815504
50,0.5,S0,0.2,8,0.9480806891317666
50,0.5,S0,0.2,9,0.7850517118702515
50,0.5,S0,0.5,0,0.36047331509422165
50,0.5,S0,0.5,1,0.84448534821841
50,0.5,S0,0.5,2,0.11909898996178936
50,0.5,S0,0.5,3,0.3185394064294964
50,0.5,S0,0.5,4,1.0465283943614385
50,0.5,S0,0.5,5,2.4482216419170504
50,0.5,S0,0.5,6,0.15182179736017032
50,0.5,S0,0.5,7,0.4653476844380403
50,0.5,S0,0.5,8,1.6314040997882202
50,0.5,S0,0.5,9,0.561982231217973
50,0.5,S0,1.0,0,1.6328565636914796
50,0.5,S0,1.0,1,0.22148820143000317
50,0.5,S0,1.0,2,0.6867874525983675
50,0.5,S0,1.0,3,1.2026172490664493
50,0.5,S0,1.0,4,1.0751997287450794
50,0.5,S0,1.0,5,1.1911886317567721
50,0.5,S0,1.0,6,0.43239292038791866
50,0.5,S0,1.0,7,0.30797437237159875
50,0.5,S0,1.0,8,1.6619467691450804
50,0.5,S0,1.0,9,1.7486424245056975
200,0.5,S0,0.2,0,0.08235469003031426
200,0.5,S0,0.2,1,0.7307842816663883
200,0.5,S0,0.2,2,0.053192888454879794
200,0.5,S0,0.2,3,0.8072911955515576
200,0.5,S0,0.2,4,0.0490855634582279
200,0.5,S0,0.2,5,0.3135145569922235
200,0.5,S0,0.2,6,0.4259195275736498
200,0.5,S0,0.2,7,0.7413356848719748
200,0.5,S0,0.2,8,0.7685029759856703
200,0.5,S0,0.2,9,0.7485816636763389
200,0.5,S0,0.5,0,0.3963297057384434
200,0.5,S0,0.5,1,0.0786930662897174
200,0.5,S0,0.5,2,0.4416936069720112
200,0.5,S0,0.5,3,0.480395492138435
200,0.5,S0,0.5,4,0.4726253786047403
200,0.5,S0,0.5,5,0.33055586327789643
200,0.5,S0,0.5,6,0.5287853073922046
200,0.5,S0,0.5,7,0.5816287484356342
200,0.5,S0,0.5,8,0.858916288027053
200,0.5,S0,0.5,9,0.48191817086069844
200,0.5,S0,1.0,0,0.49730477386860006
200,0.5,S0,1.0,1,0.4907527447087989
200,0.5,S0,1.0,2,0.3197240648913451
200,0.5,S0,1.0,3,0.0341812875386025
200,0.5,S0,1.0,4,0.8146610870031569
200,0.5,S0,1.0,5,0.3393159348101966
200,0.5,S0,1.0,6,0.46022578559829075
200,0.5,S0,1.0,7,0.47173318348452287
200,0.5,S0,1.0,8,0.3395881518789392
200,0.5,S0,1.0,9,0.8411240969343319
1000,0.5,S0,0.2,0,0.29594572913864936
1000,0.5,S0,0.2,1,0.5375225411599445
1000,0.5,S0,0.2,2,0.27758378191981925
1000,0.5,S0,0.2,3,3.125008689334816
1000,0.5,S0,0.2,4,0.531002977452415
1000,0.5,S0,0.2,5,0.3602547099766482
1000,0.5,S0,0.2,6,3.025463116682735
1000,0.5,S0,0.2,7,1.0271748377153247
1000,0.5,S0,0.2,8,0.2502818253694943
1000,0.5,S0,0.2,9,0.2689509650336557
1000,0.5,S0,0.5,0,1.759359056646047
1000,0.5,S0,0.5,1,0.21561511737531025
1000,0.5,S0,0.5,2,4.65350502295971
1000,0.5,S0,0.5,3,3.073164916903114
1000,0.5,S0,0.5,4,0.798679804421798
1000,0.5,S0,0.5,5,0.2284322507059131
1000,0.5,S0,0.5,6,1.987741972821929
1000,0.5,S0,0.5,7,1.2137711347285751
1000,0.5,S0,0.5,8,0.4399814720422135
1000,0.5,S0,0.5,9,1.610258618650701
1000,0.5,S0,1.0,0,0.18111381374666968
1000,0.5,S0,1.0,1,0.4002787958555243
1000,0.5,S0,1.0,2,0.29545919226840933
1000,0.5,S0,1.0,3,0.25820631264746363
1000,0.5,S0,1.0,4,0.4746221331226612
1000,0.5,S0,1.0,5,0.43454784084692943
1000,0.5,S0,1.0,6,0.12056139166873092
1000,0.5,S0,1.0,7,0.03053427238180939
1000,0.5,S0,1.0,8,3.3209476544675525
1000,0.5,S0,1.0,9,0.29464939589068595
5000,0.5,S0,0.2,0,1.145739140828654
5000,0.5,S0,0.2,1,2.2494006498945165
5000,0.5,S0,0.2,2,1.5281779315611799
5000,0.5,S0,0.2,3,3.513838871432749
5000,0.5,S0,0.2,4,0.7984358117750945
5000,0.5,S0,0.2,5,2.912253550820903
5000,0.5,S0,0.2,6,2.8695040607039584
5000,0.5,S0,0.2,7,2.910813628463494
5000,0.5,S0,0.2,8,1.5473918659898922
5000,0.5,S0,0.2,9,3.304406905886345
5000,0.5,S0,0.5,0,0.6737587922677227
5000,0.5,S0,0.5,1,0.18321229712657483
5000,0.5,S0,0.5,2,0.15321758077840975
5000,0.5,S0,0.5,3,1.5744217697932306
5000,0.5,S0,0.5,4,2.2868516800007876
5000,0.5,S0,0.5,5,2.0599690351501634
5000,0.5,S0,0.5,6,1.137887877129018
5000,0.5,S0,0.5,7,1.2091798423268125
5000,0.5,S0,0.5,8,2.1979620076578907
5000,0.5,S0,0.5,9,1.119134912237649
5000,0.5,S0,1.0,0,1.1672165224044357
5000,0.5,S0,1.0,1,5.1643301408087385
5000,0.5,S0,1.0,2,5.715775506646533
5000,0.5,S0,1.0,3,2.895001420767117
5000,0.5,S0,1.0,4,1.8518749294489976
5000,0.5,S0,1.0,5,1.1152163900534005
5000,0.5,S0,1.0,6,3.880106548797812
5000,0.5,S0,1.0,7,2.9723746471073227
5000,0.5,S0,1.0,8,3.2638085457190904
5000,0.5,S0,1.0,9,2.4743211536874132
50,1.0,S0,0.2,0,0.45895349279213593
50,1.0,S0,0.2,1,0.5388069697819363
50,1.0,S0,0.2,2,0.7149698186809135
50,1.0,S0,0.2,3,0.400948478672863
50,1.0,S0,0.2,4,0.7712721061694577
50,1.0,S0,0.2,5,0.5039747841968633
50,1.0,S0,0.2,6,0.2561799829545534
50,1.0,S0,0.2,7,0.7191400083236016
50,1.0,S0,0.2,8,0.41985196372086786
50,1.0,S0,0.2,9,0.6377162780237784
50,1.0,S0,0.5,0,0.46544270978735613
50,1.0,S0,0.5,1,0.5655673518720035
50,1.0,S0,0.5,2,0.1954644299413768
50,1.0,S0,0.5,3,0.3331657503649097
50,1.0,S0,0.5,4,0.5226905657937686
50,1.0,S0,0.5,5,0.32407824813250796
50,1.0,S0,0.5,6,0.563827738060457
50,1.0,S0,0.5,7,0.8884218124083838
50,1.0,S0,0.5,8,0.3479742248513277
50,1.0,S0,0.5,9,0.3719927090116528
50,1.0,S0,1.0,0,1.2385509837618034
50,1.0,S0,1.0,1,0.8340330199969062
50,1.0,S0,1.0,2,0.30473630220490344
50,1.0,S0,1.0,3,0.1632378150162117
50,1.0,S0,1.0,4,0.13693863716289367
50,1.0,S0,1.0,5,0.4731815073444552
50,1.0,S0,1.0,6,0.6939971532337452
50,1.0,S0,1.0,7,0.42382025840350357
50,1.0,S0,1.0,8,0.07109220621521262
50,1.0,S0,1.0,9,0.2582002302942199
200,1.0,S0,0.2,0,0.5130833249411775
200,1.0,S0,0.2,1,0.1898668850628118
200,1.0,S0,0.2,2,0.0582543942267828
200,1.0,S0,0.2,3,0.2382840111808513
200,1.0,S0,0.2,4,0.3339612043805589
200,1.0,S0,0.2,5,0.2885694804699681
200,1.0,S0,0.2,6,0.05384983602176319
200,1.0,S0,0.2,7,0.1300938227184225
200,1.0,S0,0.2,8,0.15280597212840163
200,1.0,S0,0.2,9,0.5716185747812828
200,1.0,S0,0.5,0,0.14598968435494242
200,1.0,S0,0.5,1,0.2690606346565432
200,1.0,S0,0.5,2,0.17630272950773596
200,1.0,S0,0.5,3,0.17432324654791986
200,1.0,S0,0.5,4,0.3431813083162527
200,1.0,S0,0.5,5,2.87883279660487
200,1.0,S0,0.5,6,0.116803971605703
200,1.0,S0,0.5,7,0.3032182496130982
200,1.0,S0,0.5,8,0.27352187574433917
200,1.0,S0,0.5,9,0.3471899185005036
200,1.0,S0,1.0,0,0.3032327631051863
200,1.0,S0,1.0,1,0.2863964332036506
200,1.0,S0,1.0,2,0.5148383123544822
200,1.0,S0,1.0,3,0.18080630881322257
200,1.0,S0,1.0,4,0.3155296338053619
200,1.0,S0,1.0,5,0.19466580141251622
200,1.0,S0,1.0,6,0.14600045216339952
200,1.0,S0,1.0,7,0.27741128099813683
200,1.0,S0,1.0,8,0.6729348195189402
200,1.0,S0,1.0,9,0.05457021222847014
1000,1.0,S0,0.2,0,2.978667064943113
1000,1.0,S0,0.2,1,1.9767917510001578
1000,1.0,S0,0.2,2,0.22923067802187225
1000,1.0,S0,0.2,3,0.047089040448901054
1000,1.0,S0,0.2,4,0.17480053161906528
1000,1.0,S0,0.2,5,0.15013434364729994
1000,1.0,S0,0.2,6,0.10812245773444085
1000,1.0,S0,0.2,7,0.10232871694983547
1000,1.0,S0,0.2,8,0.247989510694697
1000,1.0,S0,0.2,9,5.285530141496835
1000,1.0,S0,0.5,0,0.10026134923711205
1000,1.0,S0,0.5,1,0.06458605629156167
1000,1.0,S0,0.5,2,0.21853773744705185
1000,1.0,S0,0.5,3,0.0856312749196746
1000,1.0,S0,0.5,4,0.6985294718288656
1000,1.0,S0,0.5,5,0.10106966792023053
1000,1.0,S0,0.5,6,1.1030812090717634
1000,1.0,S0,0.5,7,0.1650107492518238
1000,1.0,S0,0.5,8,0.08015639151306964
1000,1.0,S0,0.5,9,0.16412167515337184
1000,1.0,S0,1.0,0,0.10399211626347782
1000,1.0,S0,1.0,1,0.08755780581679629
1000,1.0,S0,1.0,2,0.10392184405840754
1000,1.0,S0,1.0,3,0.1296348025486298
1000,1.0,S0,1.0,4,0.24749927544809358
1000,1.0,S0,1.0,5,0.13960579317493482
1000,1.0,S0,1.0,6,1.331736605997203
1000,1.0,S0,1.0,7,0.05866166465774292
1000,1.0,S0,1.0,8,1.904002533845258
1000,1.0,S0,1.0,9,0.9949582245733135
5000,1.0,S0,0.2,0,3.1244776761094006
5000,1.0,S0,0.2,1,1.2978232840884782
5000,1.0,S0,0.2,2,0.7449103205896058
5000,1.0,S0,0.2,3,1.8187660676752353
5000,1.0,S0,0.2,4,0.8181267060472434
5000,1.0,S0,0.2,5,0.998116106647591
5000,1.0,S0,0.2,6,0.3257433473413771
5000,1.0,S0,0.2,7,2.588167789405297
5000,1.0,S0,0.2,8,0.9757825272450231
5000,1.0,S0,0.2,9,0.7415718682345475
5000,1.0,S0,0.5,0,1.3323912744245625
5000,1.0,S0,0.5,1,1.5972648537477836
5000,1.0,S0,0.5,2,1.14822172147781
5000,1.0,S0,0.5,3,2.479751040550802
5000,1.0,S0,0.5,4,0.9497372350758835
5000,1.0,S0,0.5,5,1.5977491464852789
5000,1.0,S0,0.5,6,0.7844717305065878
5000,1.0,S0,0.5,7,2.0342212313648234
5000,1.0,S0,0.5,8,1.0223202470713655
5000,1.0,S0,0.5,9,1.1500730391241698
5000,1.0,S0,1.0,0,0.11445629342127095
5000,1.0,S0,1.0,1,1.8028514034824483
5000,1.0,S0,1.0,2,0.10900305609988004
5000,1.0,S0,1.0,3,1.330389111529393
5000,1.0,S0,1.0,4,1.5622661184397972
5000,1.0,S0,1.0,5,1.1998038757784517
5000,1.0,S0,1.0,6,1.4494603585370518
5000,1.0,S0,1.0,7,1.6926366510777724
5000,1.0,S0,1.0,8,1.1166605403597396
5000,1.0,S0,1.0,9,1.0619956999388345
50,2.0,S0,0.2,0,0.19754761564193468
50,2.0,S0,0.2,1,0.2585278248200027
50,2.0,S0,0.2,2,0.19259225784169254
50,2.0,S0,0.2,3,0.05994650020382419
50,2.0,S0,0.2,4,0.5066842739133227
50,2.0,S0,0.2,5,0.1010098694211794
50,2.0,S0,0.2,6,0.08556463076729315
50,2.0,S0,0.2,7,0.0274713506582982
50,2.0,S0,0.2,8,0.25012460125035707
50,2.0,S0,0.2,9,0.4753849217183962
50,2.0,S0,0.5,0,0.5254906263498937
50,2.0,S0,0.5,1,0.1654991451552552
50,2.0,S0,0.5,2,0.30555785620215037
50,2.0,S0,0.5,3,0.43933396607032515
50,2.0,S0,0.5,4,0.057410436219274885
50,2.0,S0,0.5,5,0.1766955546725706
50,2.0,S0,0.5,6,0.11473704460857437
50,2.0,S0,0.5,7,0.13930635776616707
50,2.0,S0,0.5,8,0.5367136797432901
50,2.0,S0,0.5,9,0.354954926982177
50,2.0,S0,1.0,0,0.20855585930488107
50,2.0,S0,1.0,1,0.2115484239093628
50,2.0,S0,1.0,2,0.2441551520030023
50,2.0,S0,1.0,3,0.33775217720751627
50,2.0,S0,1.0,4,0.30364807926970605
50,2.0,S0,1.0,5,0.18632732265706164
50,2.0,S0,1.0,6,0.36475214417554924
50,2.0,S0,1.0,7,0.24368708217708956
50,2.0,S0,1.0,8,0.43228984632016587
50,2.0,S0,1.0,9,0.26394500001843846
200,2.0,S0,0.2,0,0.2175508942607809
200,2.0,S0,0.2,1,0.07181282111512366
200,2.0,S0,0.2,2,0.0856493873872115
200,2.0,S0,0.2,3,0.1665887198115057
200,2.0,S0,0.2,4,0.18918371305050918
200,2.0,S0,0.2,5,0.04989755206709501
200,2.0,S0,0.2,6,0.12799915246710758
200,2.0,S0,0.2,7,0.06717653296009285
200,2.0,S0,0.2,8,0.22479004644060585
200,2.0,S0,0.2,9,0.09498415534513116
200,2.0,S0,0.5,0,0.12965754514195438
200,2.0,S0,0.5,1,0.30990789851091205
200,2.0,S0,0.5,2,0.045779814552295184
200,2.0,S0,0.5,3,0.35251907327690835
200,2.0,S0,0.5,4,0.4272053984092077
200,2.0,S0,0.5,5,0.03902144632303317
200,2.0,S0,0.5,6,0.058073312820742684
200,2.0,S0,0.5,7,0.3258861301663709
200,2.0,S0,0.5,8,0.36886146504491757
200,2.0,S0,0.5,9,0.0519048845308232
200,2.0,S0,1.0,0,0.027446499543860137
200,2.0,S0,1.0,1,0.053162658778254324
200,2.0,S0,1.0,2,0.19617349247013838
200,2.0,S0,1.0,3,0.3280035038690676
200,2.0,S0,1.0,4,0.1829357215928913
200,2.0,S0,1.0,5,0.3672590824435984
200,2.0,S0,1.0,6,0.05200949617505879
200,2.0,S0,1.0,7,0.2426484077949047
200,2.0,S0,1.0,8,0.0521667123537517
200,2.0,S0,1.0,9,0.22502795233773365
1000,2.0,S0,0.2,0,0.09079232069810739
1000,2.0,S0,0.2,1,0.8282975192484566
1000,2.0,S0,0.2,2,0.08232911877375648
1000,2.0,S0,0.2,3,1.263584589670819
1000,2.0,S0,0.2,4,0.08762548721130803
1000,2.0,S0,0.2,5,0.04431766131847015
1000,2.0,S0,0.2,6,0.11424479300321422
1000,2.0,S0,0.2,7,0.041346317480795314
1000,2.0,S0,0.2,8,0.09568426046780254
1000,2.0,S0,0.2,9,0.14330593422797588
1000,2.0,S0,0.5,0,0.0681153035011326
1000,2.0,S0,0.5,1,0.08271350785084897
1000,2.0,S0,0.5,2,2.079293984559256
1000,2.0,S0,0.5,3,1.6306333640830146
1000,2.0,S0,0.5,4,0.02487374567142031
1000,2.0,S0,0.5,5,0.02984351937739982
1000,2.0,S0,0.5,6,0.22289372745280733
1000,2.0,S0,0.5,7,0.019623148489994913
1000,2.0,S0,0.5,8,0.15448658828966755
1000,2.0,S0,0.5,9,0.017735260275394626
1000,2.0,S0,1.0,0,0.12403147451431229
1000,2.0,S0,1.0,1,0.022172219619730926
1000,2.0,S0,1.0,2,0.01583703492576838
1000,2.0,S0,1.0,3,0.19508402189329432
1000,2.0,S0,1.0,4,0.11607984783272607
1000,2.0,S0,1.0,5,0.07168737699396477
1000,2.0,S0,1.0,6,0.158678104262024
1000,2.0,S0,1.0,7,0.06265999721687754
1000,2.0,S0,1.0,8,0.04045689345283421
1000,2.0,S0,1.0,9,0.06100915958944553
5000,2.0,S0,0.2,0,1.1366232857175467
5000,2.0,S0,0.2,1,1.0683320400139549
5000,2.0,S0,0.2,2,2.0179879920214367
5000,2.0,S0,0.2,3,1.4220303029551062
5000,2.0,S0,0.2,4,1.591858439517741
5000,2.0,S0,0.2,5,0.9843990855145213
5000,2.0,S0,0.2,6,1.02224636953946
5000,2.0,S0,0.2,7,1.1348096046924847
5000,2.0,S0,0.2,8,1.2631486152908264
5000,2.0,S0,0.2,9,1.01454795667243
5000,2.0,S0,0.5,0,0.4273375636191722
5000,2.0,S0,0.5,1,1.3787231450003126
5000,2.0,S0,0.5,2,1.2492512928736177
5000,2.0,S0,0.5,3,0.9233984697352962
5000,2.0,S0,0.5,4,0.7532539598238746
5000,2.0,S0,0.5,5,0.9273312462345655
5000,2.0,S0,0.5,6,0.7016800312926107
5000,2.0,S0,0.5,7,0.927157630328344
5000,2.0,S0,0.5,8,0.9266930924021143
5000,2.0,S0,0.5,9,1.2837097218011544
5000,2.0,S0,1.0,0,0.7467888023105598
5000,2.0,S0,1.0,1,1.0292167434213988
5000,2.0,S0,1.0,2,1.4449447700673934
5000,2.0,S0,1.0,3,1.1115370682658563
5000,2.0,S0,1.0,4,0.8596831685603804
5000,2.0,S0,1.0,5,1.514375681765977
5000,2.0,S0,1.0,6,1.219335647449403
5000,2.0,S0,1.0,7,0.482337430925482
5000,2.0,S0,1.0,8,0.874188149644572
5000,2.0,S0,1.0,9,1.0052395463222235
50,5.0,S0,0.2,0,0.07254830968594139
50,5.0,S0,0.2,1,0.2319923628987799
50,5.0,S0,0.2,2,0.11605009227214014
50,5.0,S0,0.2,3,0.2698650506191398
50,5.0,S0,0.2,4,0.2012566829097946
50,5.0,S0,0.2,5,0.11589992601165355
50,5.0,S0,0.2,6,0.1535625388275339
50,5.0,S0,0.2,7,0.21216476087807312
50,5.0,S0,0.2,8,0.20579049099827063
50,5.0,S0,0.2,9,0.308171029719867
50,5.0,S0,0.5,0,0.11026786004091105
50,5.0,S0,0.5,1,0.2371466388678385
50,5.0,S0,0.5,2,0.14331626498627714
50,5.0,S0,0.5,3,0.22861199272981958
50,5.0,S0,0.5,4,0.032337090637637456
50,5.0,S0,0.5,5,0.12471405919537226
50,5.0,S0,0.5,6,0.11494036856953138
50,5.0,S0,0.5,7,0.07197217678308565
50,5.0,S0,0.5,8,0.1015397396380393
50,5.0,S0,0.5,9,0.14445195824665524
50,5.0,S0,1.0,0,0.3128299925739886
50,5.0,S0,1.0,1,0.2883637489807549
50,5.0,S0,1.0,2,0.21740032797816733
50,5.0,S0,1.0,3,0.1096094855138039
50,5.0,S0,1.0,4,0.040230185158825815
50,5.0,S0,1.0,5,0.13943184237373263
50,5.0,S0,1.0,6,0.07703309058311447
50,5.0,S0,1.0,7,0.16557956900487936
50,5.0,S0,1.0,8,0.14419646544402998
50,5.0,S0,1.0,9,0.20208239860280308
200,5.0,S0,0.2,0,0.1366148984470683
200,5.0,S0,0.2,1,0.10178471265683009
200,5.0,S0,0.2,2,0.05249568928275883
200,5.0,S0,0.2,3,0.136548815976554
200,5.0,S0,0.2,4,0.044194405407799175
200,5.0,S0,0.2,5,0.09666082238731666
200,5.0,S0,0.2,6,0.1410195761518167
200,5.0,S0,0.2,7,0.0505275158143228
200,5.0,S0,0.2,8,0.12855369600488853
200,5.0,S0,0.2,9,0.082311262539986
200,5.0,S0,0.5,0,0.016592255930927058
200,5.0,S0,0.5,1,0.23225974402354388
200,5.0,S0,0.5,2,0.12513822686020282
200,5.0,S0,0.5,3,0.11432930272530473
200,5.0,S0,0.5,4,0.052470337137391354
200,5.0,S0,0.5,5,0.04650940426741057
200,5.0,S0,0.5,6,0.17728652947962353
200,5.0,S0,0.5,7,0.12290381798367656
200,5.0,S0,0.5,8,0.01551086884107411
200,5.0,S0,0.5,9,0.07929471162854496
200,5.0,S0,1.0,0,0.03437966364502132
200,5.0,S0,1.0,1,0.08944300547154382
200,5.0,S0,1.0,2,0.030660638544135033
200,5.0,S0,1.0,3,0.0358946103555291
200,5.0,S0,1.0,4,0.09620872878702835
200,5.0,S0,1.0,5,0.21252723146408226
200,5.0,S0,1.0,6,0.015217150753892517
200,5.0,S0,1.0,7,0.13972540644326092
200,5.0,S0,1.0,8,0.045124228127454424
200,5.0,S0,1.0,9,0.06674123101049867
1000,5.0,S0,0.2,0,0.05250959631437091
1000,5.0,S0,0.2,1,0.02920231837628906
1000,5.0,S0,0.2,2,0.00547849863480776
1000,5.0,S0,0.2,3,0.00562025636102903
1000,5.0,S0,0.2,4,0.07026953295019123
1000,5.0,S0,0.2,5,0.0597564952079801
1000,5.0,S0,0.2,6,0.09404932307995018
1000,5.0,S0,0.2,7,0.03780428662413016
1000,5.0,S0,0.2,8,0.01009155048146182
1000,5.0,S0,0.2,9,0.025780850690035217
1000,5.0,S0,0.5,0,0.0640610230466494
1000,5.0,S0,0.5,1,0.02019810206586725
1000,5.0,S0,0.5,2,0.9596314328564954
1000,5.0,S0,0.5,3,0.042371319416774744
1000,5.0,S0,0.5,4,0.02533152895655144
1000,5.0,S0,0.5,5,0.08483567848214357
1000,5.0,S0,0.5,6,0.051779288577584515
1000,5.0,S0,0.5,7,0.05420139567983351
1000,5.0,S0,0.5,8,0.02422615892674851
1000,5.0,S0,0.5,9,0.1031287032357564
1000,5.0,S0,1.0,0,0.015221405983087744
1000,5.0,S0,1.0,1,0.0651872517579648
1000,5.0,S0,1.0,2,0.04173268441031386
1000,5.0,S0,1.0,3,0.04520642025189758
1000,5.0,S0,1.0,4,0.02586136166622177
1000,5.0,S0,1.0,5,0.03253816485765704
1000,5.0,S0,1.0,6,0.05522916484832385
1000,5.0,S0,1.0,7,0.014264843562506124
1000,5.0,S0,1.0,8,0.9604860227831422
1000,5.0,S0,1.0,9,0.04354924002905691
5000,5.0,S0,0.2,0,0.3016907248672045
5000,5.0,S0,0.2,1,1.1856413116815976
5000,5.0,S0,0.2,2,0.952931049892404
5000,5.0,S0,0.2,3,0.8031190857722659
5000,5.0,S0,0.2,4,1.1541276162984144
5000,5.0,S0,0.2,5,0.37817202452387777
5000,5.0,S0,0.2,6,1.3798860388509926
5000,5.0,S0,0.2,7,0.6141221237653167
5000,5.0,S0,0.2,8,0.40523224553968573
5000,5.0,S0,0.2,9,0.8671967172521029
5000,5.0,S0,0.5,0,0.985874684533524
5000,5.0,S0,0.5,1,0.4287629919561158
5000,5.0,S0,0.5,2,1.3931927238528985
5000,5.0,S0,0.5,3,0.7780807273855421
5000,5.0,S0,0.5,4,1.225894871278832
5000,5.0,S0,0.5,5,0.6517561546675823
5000,5.0,S0,0.5,6,0.9757210178283517
5000,5.0,S0,0.5,7,0.2848343573709726
5000,5.0,S0,0.5,8,0.725641896042921
5000,5.0,S0,0.5,9,0.15463109827955968
5000,5.0,S0,1.0,0,0.5035274873391224
5000,5.0,S0,1.0,1,0.018114785824047352
5000,5.0,S0,1.0,2,1.172271303242636
5000,5.0,S0,1.0,3,0.8710900313980391
5000,5.0,S0,1.0,4,0.7610062299623943
5000,5.0,S0,1.0,5,0.5218622403646069
5000,5.0,S0,1.0,6,0.5843408000763497
5000,5.0,S0,1.0,7,0.012544759165718844
5000,5.0,S0,1.0,8,0.6566130506428014
5000,5.0,S0,1.0,9,0.8906110620300207
50,0.5,S1,0.2,0,1.9331337807331623
50,0.5,S1,0.2,1,0.5842880644059348
50,0.5,S1,0.2,2,1.9663746224606722
50,0.5,S1,0.2,3,0.4263340276906833
50,0.5,S1,0.2,4,2.1743453837893214
50,0.5,S1,0.2,5,0.611123978534296
50,0.5,S1,0.2,6,0.8553266618695994
50,0.5,S1,0.2,7,1.3829796989397627
50,0.5,S1,0.2,8,1.5625196380231179
50,0.5,S1,0.2,9,1.2465033884247323
50,0.5,S1,0.5,0,0.12825792683498688
50,0.5,S1,0.5,1,0.6355652104412229
50,0.5,S1,0.5,2,1.8145005172483253
50,0.5,S1,0.5,3,1.0867496864926207
50,0.5,S1,0.5,4,0.46759706182357036
50,0.5,S1,0.5,5,0.78298527610586
50,0.5,S1,0.5,6,1.1925759808479333
50,0.5,S1,0.5,7,0.7002256605405263
50,0.5,S1,0.5,8,0.7487584827634384
50,0.5,S1,0.5,9,0.5459236495462534
50,0.5,S1,1.0,0,1.3658595993112301
50,0.5,S1,1.0,1,1.669217736559568
50,0.5,S1,1.0,2,1.1205390751138173
50,0.5,S1,1.0,3,0.3377713756806583
50,0.5,S1,1.0,4,1.391554437705147
50,0.5,S1,1.0,5,0.7799882873327029
50,0.5,S1,1.0,6,0.12338768234093478
50,0.5,S1,1.0,7,0.4300019195355875
50,0.5,S1,1.0,8,0.4192861461020252
50,0.5,S1,1.0,9,0.7322462229883924
200,0.5,S1,0.2,0,0.8709046177966977
200,0.5,S1,0.2,1,1.7414979987625885
200,0.5,S1,0.2,2,0.6722763547658417
200,0.5,S1,0.2,3,0.6214790777287261
200,0.5,S1,0.2,4,0.9677429602236182
200,0.5,S1,0.2,5,0.6479086008890568
200,0.5,S1,0.2,6,0.8132005895882801
200,0.5,S1,0.2,7,0.7087190298829023
200,0.5,S1,0.2,8,1.097272463561245
200,0.5,S1,0.2,9,0.09367909423723697
200,0.5,S1,0.5,0,0.9891190335342492
200,0.5,S1,0.5,1,0.6646386295738586
200,0.5,S1,0.5,2,0.6995761652171373
200,0.5,S1,0.5,3,1.3940877437420176
200,0.5,S1,0.5,4,1.3859818336888836
200,0.5,S1,0.5,5,0.6449089986721657
200,0.5,S1,0.5,6,0.37279562877442807
200,0.5,S1,0.5,7,0.9990904879516712
200,0.5,S1,0.5,8,1.245524923445342
200,0.5,S1,0.5,9,0.6511625763287245
200,0.5,S1,1.0,0,0.7199699263394135
200,0.5,S1,1.0,1,0.5278618009954494
200,0.5,S1,1.0,2,1.3893758389988888
200,0.5,S1,1.0,3,1.0208630760417694
200,0.5,S1,1.0,4,0.7517386610696234
200,0.5,S1,1.0,5,0.4529458074402903
200,0.5,S1,1.0,6,0.5390846281546007
200,0.5,S1,1.0,7,0.25167734626675864
200,0.5,S1,1.0,8,1.6238166088643686
200,0.5,S1,1.0,9,0.9327577650843332
1000,0.5,S1,0.2,0,0.7883165680860635
1000,0.5,S1,0.2,1,0.7768675093722825
1000,0.5,S1,0.2,2,1.1318154009112873
1000,0.5,S1,0.2,3,0.42629443736409944
1000,0.5,S1,0.2,4,0.5682968126791419
1000,0.5,S1,0.2,5,0.8613873008337802
1000,0.5,S1,0.2,6,0.6774642127256585
1000,0.5,S1,0.2,7,1.9630709937211082
1000,0.5,S1,0.2,8,1.1314999991650612
1000,0.5,S1,0.2,9,0.6435603639477293
1000,0.5,S1,0.5,0,0.7041960718496707
1000,0.5,S1,0.5,1,0.730525844485215
1000,0.5,S1,0.5,2,1.1309772698737413
1000,0.5,S1,0.5,3,0.44841770525237235
1000,0.5,S1,0.5,4,2.29532749369627
1000,0.5,S1,0.5,5,1.024559079324912
1000,0.5,S1,0.5,6,0.8318938985602102
1000,0.5,S1,0.5,7,0.8648362483810599
1000,0.5,S1,0.5,8,0.6952989847942627
1000,0.5,S1,0.5,9,1.2448932976545848
1000,0.5,S1,1.0,0,0.8322348906309781
1000,0.5,S1,1.0,1,0.9150625355823516
1000,0.5,S1,1.0,2,1.0522326068308632
1000,0.5,S1,1.0,3,1.4568869833678915
1000,0.5,S1,1.0,4,1.0389544276636706
1000,0.5,S1,1.0,5,0.6867995943334309
1000,0.5,S1,1.0,6,1.9099640588512798
1000,0.5,S1,1.0,7,0.941421550744437
1000,0.5,S1,1.0,8,0.7778700512884225
1000,0.5,S1,1.0,9,0.8105428280953483
5000,0.5,S1,0.2,0,2.5577170166065306
5000,0.5,S1,0.2,1,2.4257399702195372
5000,0.5,S1,0.2,2,2.1747458584326145
5000,0.5,S1,0.2,3,0.9474041080044917
5000,0.5,S1,0.2,4,1.188874377633141
5000,0.5,S1,0.2,5,2.0789774014006426
5000,0.5,S1,0.2,6,1.6925565873568273
5000,0.5,S1,0.2,7,1.7301782644334418
5000,0.5,S1,0.2,8,0.7812076939073788
5000,0.5,S1,0.2,9,0.7186455520695232
5000,0.5,S1,0.5,0,3.2852171855266956
5000,0.5,S1,0.5,1,0.8608312460896095
5000,0.5,S1,0.5,2,1.6086978308075177
5000,0.5,S1,0.5,3,1.819543792080436
5000,0.5,S1,0.5,4,1.1340197642825423
5000,0.5,S1,0.5,5,0.9412162660736847
5000,0.5,S1,0.5,6,2.328171329903591
5000,0.5,S1,0.5,7,1.0099994323518813
5000,0.5,S1,0.5,8,2.643804481493448
5000,0.5,S1,0.5,9,1.1000930499071926
5000,0.5,S1,1.0,0,1.0930911675947395
5000,0.5,S1,1.0,1,4.269818027630659
5000,0.5,S1,1.0,2,1.0517426151393479
5000,0.5,S1,1.0,3,0.9280203846803292
5000,0.5,S1,1.0,4,1.3286572283539817
5000,0.5,S1,1.0,5,1.7820006483361053
5000,0.5,S1,1.0,6,1.471828153987915
5000,0.5,S1,1.0,7,0.8698547988122064
5000,0.5,S1,1.0,8,0.8643624596391976
5000,0.5,S1,1.0,9,3.6233985792053147
50,1.0,S1,0.2,0,1.259589089909653
50,1.0,S1,0.2,1,0.8817964955141538
50,1.0,S1,0.2,2,0.991352936592903
50,1.0,S1,0.2,3,0.47737144692069733
50,1.0,S1,0.2,4,0.4092455563135336
50,1.0,S1,0.2,5,0.5905120810737285
50,1.0,S1,0.2,6,1.0811594763755659
50,1.0,S1,0.2,7,0.8706253449437855
50,1.0,S1,0.2,8,0.557370665193381
50,1.0,S1,0.2,9,0.8636189363463804
50,1.0,S1,0.5,0,1.0304095141892633
50,1.0,S1,0.5,1,0.6047651178692304
50,1.0,S1,0.5,2,0.4114324346913766
50,1.0,S1,0.5,3,0.9723274933226812
50,1.0,S1,0.5,4,0.6060062181665333
50,1.0,S1,0.5,5,0.8035137653444137
50,1.0,S1,0.5,6,1.1950500733598266
50,1.0,S1,0.5,7,0.7326370926592141
50,1.0,S1,0.5,8,0.4694589844778052
50,1.0,S1,0.5,9,1.6755934579499712
50,1.0,S1,1.0,0,0.5531235707342862
50,1.0,S1,1.0,1,0.6030391775173625
50,1.0,S1,1.0,2,0.6164241738503051
50,1.0,S1,1.0,3,0.9985048308897418
50,1.0,S1,1.0,4,0.9675530397219563
50,1.0,S1,1.0,5,0.6986142439068287
50,1.0,S1,1.0,6,0.8295570435385121
50,1.0,S1,1.0,7,1.0959378723793922
50,1.0,S1,1.0,8,0.4143647236639881
50,1.0,S1,1.0,9,0.30078082767985054
200,1.0,S1,0.2,0,0.9542966497224377
200,1.0,S1,0.2,1,0.9453331918878632
200,1.0,S1,0.2,2,0.5315903392694699
200,1.0,S1,0.2,3,0.32231073290272305
200,1.0,S1,0.2,4,0.5102192248807531
200,1.0,S1,0.2,5,0.34601398072293454
200,1.0,S1,0.2,6,0.9680876161311662
200,1.0,S1,0.2,7,0.8650908652379117
200,1.0,S1,0.2,8,0.7707815496721948
200,1.0,S1,0.2,9,0.4847622127441682
200,1.0,S1,0.5,0,0.5708364680457653
200,1.0,S1,0.5,1,1.0405546737512634
200,1.0,S1,0.5,2,0.7141623534726608
200,1.0,S1,0.5,3,0.5589237242589999
200,1.0,S1,0.5,4,0.2894027046622072
200,1.0,S1,0.5,5,0.7249878291123197
200,1.0,S1,0.5,6,0.794301814591998
200,1.0,S1,0.5,7,0.9608418444077971
200,1.0,S1,0.5,8,1.17857101223177
200,1.0,S1,0.5,9,0.8628317236789185
200,1.0,S1,1.0,0,0.8428869167000914
200,1.0,S1,1.0,1,0.8351280150771259
200,1.0,S1,1.0,2,0.8891894803610554
200,1.0,S1,1.0,3,1.3099028158698731
200,1.0,S1,1.0,4,0.8632109598606993
200,1.0,S1,1.0,5,1.02761081614051
200,1.0,S1,1.0,6,1.0589612903970669
200,1.0,S1,1.0,7,0.9970941434639464
200,1.0,S1,1.0,8,0.34041551968629874
200,1.0,S1,1.0,9,0.8693129206267765
1000,1.0,S1,0.2,0,0.5951855853517117
1000,1.0,S1,0.2,1,1.0518501850915687
1000,1.0,S1,0.2,2,0.7837311104514538
1000,1.0,S1,0.2,3,0.9776013241931967
1000,1.0,S1,0.2,4,0.6778768970546014
1000,1.0,S1,0.2,5,0.6150476583242865
1000,1.0,S1,0.2,6,0.7473602155532928
1000,1.0,S1,0.2,7,0.5902831238540315
1000,1.0,S1,0.2,8,0.9057126826923108
1000,1.0,S1,0.2,9,0.8163977564935544
1000,1.0,S1,0.5,0,0.7634744658954412
1000,1.0,S1,0.5,1,0.8808958611410347
1000,1.0,S1,0.5,2,1.1797453814317613
1000,1.0,S1,0.5,3,1.2762371682503861
1000,1.0,S1,0.5,4,1.1066003086142424
1000,1.0,S1,0.5,5,0.8639664692387495
1000,1.0,S1,0.5,6,0.6813698508051658
1000,1.0,S1,0.5,7,0.6950743413809648
1000,1.0,S1,0.5,8,0.8285414976555192
1000,1.0,S1,0.5,9,0.7430348250656583
1000,1.0,S1,1.0,0,0.8979372465783919
1000,1.0,S1,1.0,1,0.8068470155512946
1000,1.0,S1,1.0,2,0.8199328074378684
1000,1.0,S1,1.0,3,0.875774663326516
1000,1.0,S1,1.0,4,0.8013979063521837
1000,1.0,S1,1.0,5,0.6880675703920391
1000,1.0,S1,1.0,6,0.9594014825774262
1000,1.0,S1,1.0,7,0.9519716304352664
1000,1.0,S1,1.0,8,0.6460540486453779
1000,1.0,S1,1.0,9,1.4875667667276387
5000,1.0,S1,0.2,0,0.682681137697555
5000,1.0,S1,0.2,1,1.193246541968975
5000,1.0,S1,0.2,2,1.1817826701933398
5000,1.0,S1,0.2,3,0.9006654305282051
5000,1.0,S1,0.2,4,0.9180389237287911
5000,1.0,S1,0.2,5,1.248382967146752
5000,1.0,S1,0.2,6,0.9162138304859383
5000,1.0,S1,0.2,7,1.4938163479346982
5000,1.0,S1,0.2,8,0.7094143603941476
5000,1.0,S1,0.2,9,1.1884006782408392
5000,1.0,S1,0.5,0,0.6175893846417209
5000,1.0,S1,0.5,1,1.070008807426329
5000,1.0,S1,0.5,2,0.8897553283664879
5000,1.0,S1,0.5,3,0.7191966406075229
5000,1.0,S1,0.5,4,0.951427923975867
5000,1.0,S1,0.5,5,1.7538393402469143
5000,1.0,S1,0.5,6,0.789035243449571
5000,1.0,S1,0.5,7,0.8319018051059757
5000,1.0,S1,0.5,8,2.632040137816996
5000,1.0,S1,0.5,9,0.8878368927608473
5000,1.0,S1,1.0,0,0.808392875732663
5000,1.0,S1,1.0,1,0.9968426019572926
5000,1.0,S1,1.0,2,1.2409398455106428
5000,1.0,S1,1.0,3,0.750689482375883
5000,1.0,S1,1.0,4,0.8821971186591038
5000,1.0,S1,1.0,5,0.7747428661252764
5000,1.0,S1,1.0,6,2.5628108888938135
5000,1.0,S1,1.0,7,0.7211519062207064
5000,1.0,S1,1.0,8,1.002327117661525
5000,1.0,S1,1.0,9,1.4233151590882072
50,2.0,S1,0.2,0,0.5622956423008708
50,2.0,S1,0.2,1,0.4079031497402356
50,2.0,S1,0.2,2,0.6431306910033758
50,2.0,S1,0.2,3,0.27405879078838463
50,2.0,S1,0.2,4,0.5646579467449252
50,2.0,S1,0.2,5,0.27739096546933456
50,2.0,S1,0.2,6,0.3394834628564568
50,2.0,S1,0.2,7,0.6858188498056603
50,2.0,S1,0.2,8,0.21493077901626267
50,2.0,S1,0.2,9,0.4518215923793746
50,2.0,S1,0.5,0,0.4872965498119929
50,2.0,S1,0.5,1,0.5373506579322029
50,2.0,S1,0.5,2,0.3383616674875733
50,2.0,S1,0.5,3,1.3606191763210058
50,2.0,S1,0.5,4,0.2245687215100614
50,2.0,S1,0.5,5,0.6124592248271328
50,2.0,S1,0.5,6,0.9644829474017491
50,2.0,S1,0.5,7,0.5178356283769414
50,2.0,S1,0.5,8,0.6316213793775531
50,2.0,S1,0.5,9,0.41856910256245683
50,2.0,S1,1.0,0,0.8314948747317421
50,2.0,S1,1.0,1,1.118620207162072
50,2.0,S1,1.0,2,0.4779450812481344
50,2.0,S1,1.0,3,0.4095142883301252
50,2.0,S1,1.0,4,0.8161881019296664
50,2.0,S1,1.0,5,0.1311356748404089
50,2.0,S1,1.0,6,0.48596946977379896
50,2.0,S1,1.0,7,0.5220098677936517
50,2.0,S1,1.0,8,0.04835124602817209
50,2.0,S1,1.0,9,0.4894118542582741
200,2.0,S1,0.2,0,0.6149194186657874
200,2.0,S1,0.2,1,0.8145373428210365
200,2.0,S1,0.2,2,0.6516257960135108
200,2.0,S1,0.2,3,0.47027184740658645
200,2.0,S1,0.2,4,0.6987525952046612
200,2.0,S1,0.2,5,0.7764172576965485
200,2.0,S1,0.2,6,0.5958429579143734
200,2.0,S1,0.2,7,0.5331605071029701
200,2.0,S1,0.2,8,0.9540581431837658
200,2.0,S1,0.2,9,0.7177887943252448
200,2.0,S1,0.5,0,0.43521831236094577
200,2.0,S1,0.5,1,0.5604300644155831
200,2.0,S1,0.5,2,0.6709698881962757
200,2.0,S1,0.5,3,0.6693460598719809
200,2.0,S1,0.5,4,0.5503843254419993
200,2.0,S1,0.5,5,0.8289008032718486
200,2.0,S1,0.5,6,0.7171740276892679
200,2.0,S1,0.5,7,0.578850156241338
200,2.0,S1,0.5,8,0.7622316507190338
200,2.0,S1,0.5,9,0.737966257074365
200,2.0,S1,1.0,0,0.5079601997219528
200,2.0,S1,1.0,1,0.8214923583047049
200,2.0,S1,1.0,2,0.6523851624435071
200,2.0,S1,1.0,3,0.722355446037332
200,2.0,S1,1.0,4,0.7674343594287844
200,2.0,S1,1.0,5,0.5893169944310499
200,2.0,S1,1.0,6,0.6763211845859671
200,2.0,S1,1.0,7,0.9316147361173922
200,2.0,S1,1.0,8,0.4781714818031184
200,2.0,S1,1.0,9,0.5957815806022334
1000,2.0,S1,0.2,0,0.746849620113252
1000,2.0,S1,0.2,1,0.7893683754862181
1000,2.0,S1,0.2,2,0.8378342073137528
1000,2.0,S1,0.2,3,0.9285166043937433
1000,2.0,S1,0.2,4,0.8527077607384042
1000,2.0,S1,0.2,5,0.7528875808749366
1000,2.0,S1,0.2,6,0.8461617204003729
1000,2.0,S1,0.2,7,0.8361439821976104
1000,2.0,S1,0.2,8,0.659118616001021
1000,2.0,S1,0.2,9,0.7493196977029003
1000,2.0,S1,0.5,0,0.7096653220855381
1000,2.0,S1,0.5,1,0.9919055356915881
1000,2.0,S1,0.5,2,0.9252575868438588
1000,2.0,S1,0.5,3,0.6931226174570959
1000,2.0,S1,0.5,4,0.8380154332607535
1000,2.0,S1,0.5,5,0.8871124310669689
1000,2.0,S1,0.5,6,0.7692337873917348
1000,2.0,S1,0.5,7,0.7466815604575342
1000,2.0,S1,0.5,8,0.8273988002693059
1000,2.0,S1,0.5,9,0.869086288145676
1000,2.0,S1,1.0,0,0.8388780990294386
1000,2.0,S1,1.0,1,0.7049405698211779
1000,2.0,S1,1.0,2,0.9263242942056464
1000,2.0,S1,1.0,3,0.8131238852869184
1000,2.0,S1,1.0,4,0.8638925305750454
1000,2.0,S1,1.0,5,0.6125724679084195
1000,2.0,S1,1.0,6,0.6640387140598054
1000,2.0,S1,1.0,7,3.413884071057281
1000,2.0,S1,1.0,8,5.701248922353356
1000,2.0,S1,1.0,9,0.7840528221556455
5000,2.0,S1,0.2,0,0.777824557254926
5000,2.0,S1,0.2,1,0.87177193606768
5000,2.0,S1,0.2,2,0.7831444822078931
5000,2.0,S1,0.2,3,0.8499430594394071
5000,2.0,S1,0.2,4,1.3480011334138173
5000,2.0,S1,0.2,5,0.9532899713027405
5000,2.0,S1,0.2,6,0.8836555841246385
5000,2.0,S1,0.2,7,0.7299960456228133
5000,2.0,S1,0.2,8,0.8144928315285261
5000,2.0,S1,0.2,9,0.9539682142473958
5000,2.0,S1,0.5,0,1.3649652902647018
5000,2.0,S1,0.5,1,0.7797525229135762
5000,2.0,S1,0.5,2,0.7540596227983272
5000,2.0,S1,0.5,3,0.8756872587637452
5000,2.0,S1,0.5,4,0.8208859326142903
5000,2.0,S1,0.5,5,0.7660293265929767
5000,2.0,S1,0.5,6,0.7734982240306114
5000,2.0,S1,0.5,7,0.8958861033272777
5000,2.0,S1,0.5,8,1.1852703336782549
5000,2.0,S1,0.5,9,0.926977331077383
5000,2.0,S1,1.0,0,0.8729523791693942
5000,2.0,S1,1.0,1,0.7973067289953659
5000,2.0,S1,1.0,2,0.7652412250725047
5000,2.0,S1,1.0,3,0.733292802403349
5000,2.0,S1,1.0,4,0.7323129818093748
5000,2.0,S1,1.0,5,0.7433794195255792
5000,2.0,S1,1.0,6,1.1120791591419716
5000,2.0,S1,1.0,7,1.015265799622981
5000,2.0,S1,1.0,8,1.7082833597421625
5000,2.0,S1,1.0,9,0.8877994295490206
50,5.0,S1,0.2,0,0.27269064242711194
50,5.0,S1,0.2,1,0.7128435560446629
50,5.0,S1,0.2,2,0.3686750305909345
50,5.0,S1,0.2,3,0.5254718432800336
50,5.0,S1,0.2,4,0.3930731524252957
50,5.0,S1,0.2,5,0.3214090914954612
50,5.0,S1,0.2,6,0.39660705089790516
50,5.0,S1,0.2,7,0.45657752509173766
50,5.0,S1,0.2,8,0.7339097986702292
50,5.0,S1,0.2,9,0.35331857179104265
50,5.0,S1,0.5,0,0.3520596580124936
50,5.0,S1,0.5,1,0.5048511396788506
50,5.0,S1,0.5,2,0.5297997030922339
50,5.0,S1,0.5,3,0.5841211458122149
50,5.0,S1,0.5,4,0.4700882951041434
50,5.0,S1,0.5,5,0.610147140236972
50,5.0,S1,0.5,6,0.5519339925229723
50,5.0,S1,0.5,7,0.4350119261732867
50,5.0,S1,0.5,8,0.3641173424653448
50,5.0,S1,0.5,9,0.6361069835093471
50,5.0,S1,1.0,0,0.5958205103764138
50,5.0,S1,1.0,1,0.3952051656435416
50,5.0,S1,1.0,2,0.5633425006515113
50,5.0,S1,1.0,3,0.526289145303616
50,5.0,S1,1.0,4,0.6861657669732444
50,5.0,S1,1.0,5,0.3239061608007512
50,5.0,S1,1.0,6,0.5479589970224759
50,5.0,S1,1.0,7,0.6483570904590736
50,5.0,S1,1.0,8,0.35566740460565016
50,5.0,S1,1.0,9,0.43114287936413165
200,5.0,S1,0.2,0,0.6294835781594464
200,5.0,S1,0.2,1,0.5348872875751087
200,5.0,S1,0.2,2,0.7031707553715598
200,5.0,S1,0.2,3,0.764079103443627
200,5.0,S1,0.2,4,0.5850621929329888
200,5.0,S1,0.2,5,0.5770620552566869
200,5.0,S1,0.2,6,0.5999293522738578
200,5.0,S1,0.2,7,0.5957518562490258
200,5.0,S1,0.2,8,0.9164961186785171
200,5.0,S1,0.2,9,0.7989975797957812
200,5.0,S1,0.5,0,0.6224412697311289
200,5.0,S1,0.5,1,0.5410006634186619
200,5.0,S1,0.5,2,0.8044706773601125
200,5.0,S1,0.5,3,0.6796056883740177
200,5.0,S1,0.5,4,0.6551198379435914
200,5.0,S1,0.5,5,0.8738296208989684
200,5.0,S1,0.5,6,0.7947170326816071
200,5.0,S1,0.5,7,0.6159368315000883
200,5.0,S1,0.5,8,0.7702983292155422
200,5.0,S1,0.5,9,0.5560781085540942
200,5.0,S1,1.0,0,0.7434585915248614
200,5.0,S1,1.0,1,1.07859579891645
200,5.0,S1,1.0,2,0.912001528750732
200,5.0,S1,1.0,3,0.5910008835478575
200,5.0,S1,1.0,4,0.7131165100908515
200,5.0,S1,1.0,5,0.823646796202301
200,5.0,S1,1.0,6,0.5619198470580817
200,5.0,S1,1.0,7,0.6788244423037697
200,5.0,S1,1.0,8,0.7860827290179639
200,5.0,S1,1.0,9,0.5203797777987026
1000,5.0,S1,0.2,0,0.7299469481559351
1000,5.0,S1,0.2,1,0.7960090098833741
1000,5.0,S1,0.2,2,0.6919313269281728
1000,5.0,S1,0.2,3,0.897884207654827
1000,5.0,S1,0.2,4,0.7963057174201702
1000,5.0,S1,0.2,5,0.754481014151219
1000,5.0,S1,0.2,6,0.9726239481081327
1000,5.0,S1,0.2,7,0.9569686475717863
1000,5.0,S1,0.2,8,0.7501585805404881
1000,5.0,S1,0.2,9,0.7555678640235192
1000,5.0,S1,0.5,0,0.7236269854452418
1000,5.0,S1,0.5,1,0.7748749001491395
1000,5.0,S1,0.5,2,0.8037560647055808
1000,5.0,S1,0.5,3,0.7954584777827421
1000,5.0,S1,0.5,4,0.7225614385370418
1000,5.0,S1,0.5,5,0.6949656904980004
1000,5.0,S1,0.5,6,0.7822073354125197
1000,5.0,S1,0.5,7,0.8083061938052811
1000,5.0,S1,0.5,8,0.8194352700043104
1000,5.0,S1,0.5,9,0.6809973844505698
1000,5.0,S1,1.0,0,0.9053132892156248
1000,5.0,S1,1.0,1,0.8657385490387578
1000,5.0,S1,1.0,2,0.7796868122419642
1000,5.0,S1,1.0,3,0.7089057165683701
1000,5.0,S1,1.0,4,0.8857184334803583
1000,5.0,S1,1.0,5,0.8150818584980171
1000,5.0,S1,1.0,6,0.8485130782992714
1000,5.0,S1,1.0,7,0.7692609666849166
1000,5.0,S1,1.0,8,0.6659891384935936
1000,5.0,S1,1.0,9,0.7390407693646538
5000,5.0,S1,0.2,0,0.7722664196124129
5000,5.0,S1,0.2,1,0.7846004063358526
5000,5.0,S1,0.2,2,0.7645015533053248
5000,5.0,S1,0.2,3,0.7699906703242815
5000,5.0,S1,0.2,4,0.7344640988180918
5000,5.0,S1,0.2,5,0.9329096439053226
5000,5.0,S1,0.2,6,0.763434607508156
5000,5.0,S1,0.2,7,0.7622070118007682
5000,5.0,S1,0.2,8,0.7664157530297943
5000,5.0,S1,0.2,9,0.7487160501859316
5000,5.0,S1,0.5,0,0.8553692882678282
5000,5.0,S1,0.5,1,0.7697707262038856
5000,5.0,S1,0.5,2,0.8513432319219993
5000,5.0,S1,0.5,3,0.7872356234390177
5000,5.0,S1,0.5,4,0.9094500053764556
5000,5.0,S1,0.5,5,0.7689295165211933
5000,5.0,S1,0.5,6,0.7950635010147286
5000,5.0,S1,0.5,7,0.7881902441206569
5000,5.0,S1,0.5,8,0.9750861967573861
5000,5.0,S1,0.5,9,0.7544641494636342
5000,5.0,S1,1.0,0,0.7653759225855401
5000,5.0,S1,1.0,1,0.7873497321903811
5000,5.0,S1,1.0,2,0.7885861342124258
5000,5.0,S1,1.0,3,0.755256862850862
5000,5.0,S1,1.0,4,0.7894357335703781
5000,5.0,S1,1.0,5,0.9030344345768319
5000,5.0,S1,1.0,6,0.7825949879747889
5000,5.0,S1,1.0,7,0.8016336963639316
5000,5.0,S1,1.0,8,0.7638368589428466
5000,5.0,S1,1.0,9,0.7543644677068972
50,0.5,S2,0.2,0,1.2656981848849733
50,0.5,S2,0.2,1,1.2516768988526923
50,0.5,S2,0.2,2,0.4437347881261471
50,0.5,S2,0.2,3,0.8607384186211327
50,0.5,S2,0.2,4,1.645880475377293
50,0.5,S2,0.2,5,0.8200032822600856
50,0.5,S2,0.2,6,1.1426822460660582
50,0.5,S2,0.2,7,0.6360512915152865
50,0.5,S2,0.2,8,1.512580318392176
50,0.5,S2,0.2,9,0.44600643658364936
50,0.5,S2,0.5,0,0.2141142653478596
50,0.5,S2,0.5,1,1.1045291887337096
50,0.5,S2,0.5,2,1.2115284667867137
50,0.5,S2,0.5,3,0.6533350594125732
50,0.5,S2,0.5,4,1.218809836084224
50,0.5,S2,0.5,5,0.39401555694631824
50,0.5,S2,0.5,6,0.18703930947457947
50,0.5,S2,0.5,7,0.8313378853527599
50,0.5,S2,0.5,8,1.3165999327031346
50,0.5,S2,0.5,9,1.5195582043683054
50,0.5,S2,1.0,0,0.3247700055025733
50,0.5,S2,1.0,1,1.4318705119804063
50,0.5,S2,1.0,2,0.39123683750447646
50,0.5,S2,1.0,3,2.158458722087894
50,0.5,S2,1.0,4,1.5156264642514143
50,0.5,S2,1.0,5,0.7677724800591852
50,0.5,S2,1.0,6,0.6120018321225715
50,0.5,S2,1.0,7,0.8126650035540031
50,0.5,S2,1.0,8,0.4466433552643827
50,0.5,S2,1.0,9,0.42952868561468605
200,0.5,S2,0.2,0,0.591028137649303
200,0.5,S2,0.2,1,1.3398790585657914
200,0.5,S2,0.2,2,1.4994985659947684
200,0.5,S2,0.2,3,0.18977121664752894
200,0.5,S2,0.2,4,0.9037928583759889
200,0.5,S2,0.2,5,0.26799510362914225
200,0.5,S2,0.2,6,0.34912409065664846
200,0.5,S2,0.2,7,1.2307403317403938
200,0.5,S2,0.2,8,1.8627025569846463
200,0.5,S2,0.2,9,0.40890066984547524
200,0.5,S2,0.5,0,0.5470621230405868
200,0.5,S2,0.5,1,1.5646220869409462
200,0.5,S2,0.5,2,0.6328667761769431
200,0.5,S2,0.5,3,1.3194504006578929
200,0.5,S2,0.5,4,1.1309935058852787
200,0.5,S2,0.5,5,1.2431129029803887
200,0.5,S2,0.5,6,0.8512091402689788
200,0.5,S2,0.5,7,0.8882596532152147
200,0.5,S2,0.5,8,0.39752638013987385
200,0.5,S2,0.5,9,1.3408795660416852
200,0.5,S2,1.0,0,0.6451091459886906
200,0.5,S2,1.0,1,0.2794835828304496
200,0.5,S2,1.0,2,1.2105430875176437
200,0.5,S2,1.0,3,3.1863280139361003
200,0.5,S2,1.0,4,0.5909396857545424
200,0.5,S2,1.0,5,1.0433035072294201
200,0.5,S2,1.0,6,0.4264737888327409
200,0.5,S2,1.0,7,1.016692890468185
200,0.5,S2,1.0,8,0.3859467445163191
200,0.5,S2,1.0,9,0.5469837830783948
1000,0.5,S2,0.2,0,0.5762507137156765
1000,0.5,S2,0.2,1,1.1605344733582221
1000,0.5,S2,0.2,2,1.0534504742776911
1000,0.5,S2,0.2,3,1.0446133432323812
1000,0.5,S2,0.2,4,0.6559743812667063
1000,0.5,S2,0.2,5,0.9589104606469038
1000,0.5,S2,0.2,6,0.5158938961803657
1000,0.5,S2,0.2,7,0.8686415688851714
1000,0.5,S2,0.2,8,0.5039628508725128
1000,0.5,S2,0.2,9,0.682394928699553
1000,0.5,S2,0.5,0,0.9910837450754049
1000,0.5,S2,0.5,1,0.8597276831645737
1000,0.5,S2,0.5,2,5.92833197459354
1000,0.5,S2,0.5,3,0.28074587930439443
1000,0.5,S2,0.5,4,1.262008478441857
1000,0.5,S2,0.5,5,0.4903638592252264
1000,0.5,S2,0.5,6,1.1091871691914443
1000,0.5,S2,0.5,7,0.8510772587235742
1000,0.5,S2,0.5,8,0.645628885008969
1000,0.5,S2,0.5,9,0.5261129154244564
1000,0.5,S2,1.0,0,0.598166693448537
1000,0.5,S2,1.0,1,0.6157690921123498
1000,0.5,S2,1.0,2,0.5950005291428919
1000,0.5,S2,1.0,3,0.7014709199689924
1000,0.5,S2,1.0,4,0.6964658761577398
1000,0.5,S2,1.0,5,3.185738450775266
1000,0.5,S2,1.0,6,1.0596177065793688
1000,0.5,S2,1.0,7,0.8952181608471608
1000,0.5,S2,1.0,8,0.8674038131615923
1000,0.5,S2,1.0,9,0.6032985966428059
5000,0.5,S2,0.2,0,2.7293184311584247
5000,0.5,S2,0.2,1,0.9236022174276475
5000,0.5,S2,0.2,2,0.862610138678896
5000,0.5,S2,0.2,3,1.556188136422691
5000,0.5,S2,0.2,4,1.157677576028699
5000,0.5,S2,0.2,5,3.4027910305452336
5000,0.5,S2,0.2,6,0.693898509473398
5000,0.5,S2,0.2,7,4.573560598127142
5000,0.5,S2,0.2,8,1.280095512133073
5000,0.5,S2,0.2,9,0.9252110167029657
5000,0.5,S2,0.5,0,2.5682727025016736
5000,0.5,S2,0.5,1,1.4528035516214715
5000,0.5,S2,0.5,2,2.8645068081300984
5000,0.5,S2,0.5,3,3.230335021447483
5000,0.5,S2,0.5,4,2.5177032030426343
5000,0.5,S2,0.5,5,0.7885813611438952
5000,0.5,S2,0.5,6,2.869096414260178
5000,0.5,S2,0.5,7,2.541287363494945
5000,0.5,S2,0.5,8,1.0064722945980595
5000,0.5,S2,0.5,9,2.823082129094385
5000,0.5,S2,1.0,0,1.4665489987005254
5000,0.5,S2,1.0,1,4.335668560208228
5000,0.5,S2,1.0,2,0.6178637259291107
5000,0.5,S2,1.0,3,0.5582897448611064
5000,0.5,S2,1.0,4,2.3634698752913037
5000,0.5,S2,1.0,5,0.6585569172275265
5000,0.5,S2,1.0,6,1.6076897192976838
5000,0.5,S2,1.0,7,1.8846869972620635
5000,0.5,S2,1.0,8,2.543662226390486
5000,0.5,S2,1.0,9,1.5354542232615236
50,1.0,S2,0.2,0,0.6475847902994045
50,1.0,S2,0.2,1,0.8325834106151353
50,1.0,S2,0.2,2,0.30934347050000494
50,1.0,S2,0.2,3,0.32153452430326124
50,1.0,S2,0.2,4,0.2819755183849818
50,1.0,S2,0.2,5,0.5948886557347314
50,1.0,S2,0.2,6,1.2749391872749756
50,1.0,S2,0.2,7,0.12329637100261825
50,1.0,S2,0.2,8,0.17115605969992997
50,1.0,S2,0.2,9,0.5824228526303317
50,1.0,S2,0.5,0,0.31798691802643797
50,1.0,S2,0.5,1,0.5312290266832331
50,1.0,S2,0.5,2,0.5840896532393329
50,1.0,S2,0.5,3,0.2796392428394654
50,1.0,S2,0.5,4,0.6154595895359412
50,1.0,S2,0.5,5,0.28135106929026255
50,1.0,S2,0.5,6,0.4780756314673764
50,1.0,S2,0.5,7,1.1958953100091612
50,1.0,S2,0.5,8,0.9448404943760415
50,1.0,S2,0.5,9,0.4039724286836968
50,1.0,S2,1.0,0,0.7447842094864394
50,1.0,S2,1.0,1,0.9111637040911884
50,1.0,S2,1.0,2,1.2827091223114855
50,1.0,S2,1.0,3,1.238616069532577
50,1.0,S2,1.0,4,0.09974324886900865
50,1.0,S2,1.0,5,1.0194768531536351
50,1.0,S2,1.0,6,0.9833389419107363
50,1.0,S2,1.0,7,1.0280721465857758
50,1.0,S2,1.0,8,1.1783931483126646
50,1.0,S2,1.0,9,0.31890190987101685
200,1.0,S2,0.2,0,0.2832499857467594
200,1.0,S2,0.2,1,0.9879123767518688
200,1.0,S2,0.2,2,0.5101344034131446
200,1.0,S2,0.2,3,0.36162754905906114
200,1.0,S2,0.2,4,0.8265300301042422
200,1.0,S2,0.2,5,0.5344830214566942
200,1.0,S2,0.2,6,0.6679364377912744
200,1.0,S2,0.2,7,0.6546775405606187
200,1.0,S2,0.2,8,0.9402669404062165
200,1.0,S2,0.2,9,0.8270483610539512
200,1.0,S2,0.5,0,0.8458439222543308
200,1.0,S2,0.5,1,0.5956557304368579
200,1.0,S2,0.5,2,0.37677031491652935
200,1.0,S2,0.5,3,0.5639990750188689
200,1.0,S2,0.5,4,0.5817473063888312
200,1.0,S2,0.5,5,0.9079871052112728
200,1.0,S2,0.5,6,0.8899464878258765
200,1.0,S2,0.5,7,0.3719019975376664
200,1.0,S2,0.5,8,0.9285414413636885
200,1.0,S2,0.5,9,0.8575242620569032
200,1.0,S2,1.0,0,0.649203131325502
200,1.0,S2,1.0,1,0.800124481294876
200,1.0,S2,1.0,2,1.0223736576980107
200,1.0,S2,1.0,3,0.7918294873072
200,1.0,S2,1.0,4,0.675162044297702
200,1.0,S2,1.0,5,0.9582971523272109
200,1.0,S2,1.0,6,0.7166831323763607
200,1.0,S2,1.0,7,0.900166373421289
200,1.0,S2,1.0,8,0.6300509034558228
200,1.0,S2,1.0,9,0.7929682127617476
1000,1.0,S2,0.2,0,0.5012736659425308
1000,1.0,S2,0.2,1,0.6696645647331472
1000,1.0,S2,0.2,2,0.8551461108543201
1000,1.0,S2,0.2,3,0.7075731371886209
1000,1.0,S2,0.2,4,0.6979712182861337
1000,1.0,S2,0.2,5,1.1908946534694054
1000,1.0,S2,0.2,6,0.5005194331377019
1000,1.0,S2,0.2,7,0.891485018664542
1000,1.0,S2,0.2,8,0.6157757442001153
1000,1.0,S2,0.2,9,0.749140202913988
1000,1.0,S2,0.5,0,1.9198743770389393
1000,1.0,S2,0.5,1,2.381479475998611
1000,1.0,S2,0.5,2,0.7367596424357742
1000,1.0,S2,0.5,3,0.5852947913223465
1000,1.0,S2,0.5,4,0.6427209851941184
1000,1.0,S2,0.5,5,0.865051157835452
1000,1.0,S2,0.5,6,0.6270742948037085
1000,1.0,S2,0.5,7,0.6243461739520323
1000,1.0,S2,0.5,8,0.5145207739861988
1000,1.0,S2,0.5,9,0.6408821170388416
1000,1.0,S2,1.0,0,0.7282987602889421
1000,1.0,S2,1.0,1,0.7393586476165357
1000,1.0,S2,1.0,2,0.6962226003704788
1000,1.0,S2,1.0,3,0.4840136678083734
1000,1.0,S2,1.0,4,0.5595464267696312
1000,1.0,S2,1.0,5,0.5999712653560267
1000,1.0,S2,1.0,6,1.4345948196034297
1000,1.0,S2,1.0,7,1.2592254678094643
1000,1.0,S2,1.0,8,0.6299324259715116
1000,1.0,S2,1.0,9,0.7911958280057478
5000,1.0,S2,0.2,0,2.013593948624023
5000,1.0,S2,0.2,1,1.4607697952867755
5000,1.0,S2,0.2,2,0.8841730967995598
5000,1.0,S2,0.2,3,1.1175823096331947
5000,1.0,S2,0.2,4,1.7220099038013745
5000,1.0,S2,0.2,5,0.7799534302201683
5000,1.0,S2,0.2,6,1.6377876244501728
5000,1.0,S2,0.2,7,1.6825207965134454
5000,1.0,S2,0.2,8,0.7430597349035388
5000,1.0,S2,0.2,9,0.6498815654285279
5000,1.0,S2,0.5,0,0.8095916910309302
5000,1.0,S2,0.5,1,0.6805312470475171
5000,1.0,S2,0.5,2,0.7841972058846407
5000,1.0,S2,0.5,3,0.9238266204963176
5000,1.0,S2,0.5,4,2.7948966873372054
5000,1.0,S2,0.5,5,0.7783254046492478
5000,1.0,S2,0.5,6,2.098209203860533
5000,1.0,S2,0.5,7,1.8785481281887004
5000,1.0,S2,0.5,8,1.7917946116530192
5000,1.0,S2,0.5,9,2.1053777521345367
5000,1.0,S2,1.0,0,1.795173029258033
5000,1.0,S2,1.0,1,3.1271789370203162
5000,1.0,S2,1.0,2,1.757336418456169
5000,1.0,S2,1.0,3,1.8343494123775255
5000,1.0,S2,1.0,4,0.7299012198718478
5000,1.0,S2,1.0,5,0.6100143717323879
5000,1.0,S2,1.0,6,2.372225664816508
5000,1.0,S2,1.0,7,2.572929845444924
5000,1.0,S2,1.0,8,0.6869376818394789
5000,1.0,S2,1.0,9,1.475217006526297
50,2.0,S2,0.2,0,0.5875987217381292
50,2.0,S2,0.2,1,0.39327219879893865
50,2.0,S2,0.2,2,0.8850428871510696
50,2.0,S2,0.2,3,0.5486184220497976
50,2.0,S2,0.2,4,0.22067510033046844
50,2.0,S2,0.2,5,0.5133308295993679
50,2.0,S2,0.2,6,0.5669556448780175
50,2.0,S2,0.2,7,1.1688507199278422
50,2.0,S2,0.2,8,0.5456759698570799
50,2.0,S2,0.2,9,0.43662445836150643
50,2.0,S2,0.5,0,1.120833092495806
50,2.0,S2,0.5,1,0.5972121588125296
50,2.0,S2,0.5,2,0.820957114810682
50,2.0,S2,0.5,3,0.23434395803864602
50,2.0,S2,0.5,4,0.46455866890750314
50,2.0,S2,0.5,5,0.7490303804786351
50,2.0,S2,0.5,6,0.5112229494518079
50,2.0,S2,0.5,7,0.461068449344441
50,2.0,S2,0.5,8,0.6466154162591338
50,2.0,S2,0.5,9,0.3444961414517562
50,2.0,S2,1.0,0,0.5017867898278207
50,2.0,S2,1.0,1,0.9348460092456098
50,2.0,S2,1.0,2,0.8993869374515182
50,2.0,S2,1.0,3,0.6984794271978128
50,2.0,S2,1.0,4,0.7822726718523869
50,2.0,S2,1.0,5,0.8042533500612726
50,2.0,S2,1.0,6,0.3179355133594124
50,2.0,S2,1.0,7,0.6245775725162872
50,2.0,S2,1.0,8,0.6462675052507734
50,2.0,S2,1.0,9,0.27215282190985235
200,2.0,S2,0.2,0,0.5832315743944079
200,2.0,S2,0.2,1,0.6456166804397552
200,2.0,S2,0.2,2,0.9806570715655132
200,2.0,S2,0.2,3,0.794766052214646
200,2.0,S2,0.2,4,0.8520893869481558
200,2.0,S2,0.2,5,0.5622130757970059
200,2.0,S2,0.2,6,0.7409023141207343
200,2.0,S2,0.2,7,0.6970851619452432
200,2.0,S2,0.2,8,0.4449758918344854
200,2.0,S2,0.2,9,0.5771082394970185
200,2.0,S2,0.5,0,0.47364107191301613
200,2.0,S2,0.5,1,0.46723333163706443
200,2.0,S2,0.5,2,0.4004464658926655
200,2.0,S2,0.5,3,0.5935418536508357
200,2.0,S2,0.5,4,0.6029672967950884
200,2.0,S2,0.5,5,0.7249335195091469
200,2.0,S2,0.5,6,0.601763210188149
200,2.0,S2,0.5,7,0.8482865880935895
200,2.0,S2,0.5,8,0.5438681561198324
200,2.0,S2,0.5,9,0.7504479360971079
200,2.0,S2,1.0,0,0.7911829341290859
200,2.0,S2,1.0,1,0.7138397991540054
200,2.0,S2,1.0,2,0.7129223518928877
200,2.0,S2,1.0,3,0.6709327655916223
200,2.0,S2,1.0,4,0.793293141690996
200,2.0,S2,1.0,5,0.7208568430437862
200,2.0,S2,1.0,6,0.6238510056229721
200,2.0,S2,1.0,7,0.7042225307321881
200,2.0,S2,1.0,8,0.8172392606159984
200,2.0,S2,1.0,9,0.7703073517406887
1000,2.0,S2,0.2,0,0.981713650907794
1000,2.0,S2,0.2,1,0.7423740969044288
1000,2.0,S2,0.2,2,0.6572376422524044
1000,2.0,S2,0.2,3,0.8202490602586585
1000,2.0,S2,0.2,4,0.960863338083133
1000,2.0,S2,0.2,5,0.8311168075846276
1000,2.0,S2,0.2,6,0.7283764661741983
1000,2.0,S2,0.2,7,0.6081335656118252
1000,2.0,S2,0.2,8,0.674402690495744
1000,2.0,S2,0.2,9,0.6805994266998547
1000,2.0,S2,0.5,0,1.4539551465442293
1000,2.0,S2,0.5,1,0.6128885790165499
1000,2.0,S2,0.5,2,0.5739537235240566
1000,2.0,S2,0.5,3,0.6820129556573895
1000,2.0,S2,0.5,4,0.7239302055284473
1000,2.0,S2,0.5,5,0.5481909521247192
1000,2.0,S2,0.5,6,0.5897495665621257
1000,2.0,S2,0.5,7,0.8831418508579696
1000,2.0,S2,0.5,8,0.7948901039448275
1000,2.0,S2,0.5,9,0.5778447691162114
1000,2.0,S2,1.0,0,0.6234700570317071
1000,2.0,S2,1.0,1,0.6625757514223409
1000,2.0,S2,1.0,2,1.9907874433725499
1000,2.0,S2,1.0,3,0.6424357053308187
1000,2.0,S2,1.0,4,0.6861031218243067
1000,2.0,S2,1.0,5,0.663130591397795
1000,2.0,S2,1.0,6,0.6016962953359171
1000,2.0,S2,1.0,7,0.6696077312306814
1000,2.0,S2,1.0,8,0.5290208310522908
1000,2.0,S2,1.0,9,2.049895153713458
5000,2.0,S2,0.2,0,1.0541671928500902
5000,2.0,S2,0.2,1,0.7648101819832436
5000,2.0,S2,0.2,2,0.889434745769234
5000,2.0,S2,0.2,3,1.4730160238015786
5000,2.0,S2,0.2,4,0.7761942743447532
5000,2.0,S2,0.2,5,0.7919526677234687
5000,2.0,S2,0.2,6,0.7600829675906684
5000,2.0,S2,0.2,7,0.740327164684768
5000,2.0,S2,0.2,8,0.7988379270522408
5000,2.0,S2,0.2,9,0.762667091633771
5000,2.0,S2,0.5,0,1.1964366572136633
5000,2.0,S2,0.5,1,1.1176168928474188
5000,2.0,S2,0.5,2,1.0878108923016807
5000,2.0,S2,0.5,3,2.1185188785122584
5000,2.0,S2,0.5,4,1.468885414707231
5000,2.0,S2,0.5,5,0.8063677659448494
5000,2.0,S2,0.5,6,0.836401041259343
5000,2.0,S2,0.5,7,1.811504204444507
5000,2.0,S2,0.5,8,0.7925786846831717
5000,2.0,S2,0.5,9,0.6604267653208273
5000,2.0,S2,1.0,0,1.8508068690516113
5000,2.0,S2,1.0,1,2.0478156754862162
5000,2.0,S2,1.0,2,0.5712500542953687
5000,2.0,S2,1.0,3,1.822915635704282
5000,2.0,S2,1.0,4,2.0949945352339014
5000,2.0,S2,1.0,5,1.5045818481586046
5000,2.0,S2,1.0,6,1.4472809409767038
5000,2.0,S2,1.0,7,1.7762100456973478
5000,2.0,S2,1.0,8,1.5810816144234352
5000,2.0,S2,1.0,9,0.6260460056331008
50,5.0,S2,0.2,0,0.38783065690574176
50,5.0,S2,0.2,1,0.5882410232128865
50,5.0,S2,0.2,2,0.47920073553058384
50,5.0,S2,0.2,3,0.6115359797771238
50,5.0,S2,0.2,4,0.24454638613745344
50,5.0,S2,0.2,5,0.2584137534969852
50,5.0,S2,0.2,6,0.7902395091382725
50,5.0,S2,0.2,7,0.6520031301346294
50,5.0,S2,0.2,8,0.3808338757496015
50,5.0,S2,0.2,9,0.4372933832744843
50,5.0,S2,0.5,0,0.726764016356224
50,5.0,S2,0.5,1,0.4306366601692065
50,5.0,S2,0.5,2,0.7284900686515118
50,5.0,S2,0.5,3,0.5375059340273654
50,5.0,S2,0.5,4,0.7034272856274155
50,5.0,S2,0.5,5,0.3790391132095718
50,5.0,S2,0.5,6,0.3498768879523892
50,5.0,S2,0.5,7,0.4674265171784093
50,5.0,S2,0.5,8,0.2452753283985215
50,5.0,S2,0.5,9,0.4014825595744709
50,5.0,S2,1.0,0,0.6127578399767648
50,5.0,S2,1.0,1,0.6902027385628302
50,5.0,S2,1.0,2,0.7763242040645832
50,5.0,S2,1.0,3,0.7683915455684185
50,5.0,S2,1.0,4,0.8221763341696029
50,5.0,S2,1.0,5,0.6040026029619794
50,5.0,S2,1.0,6,0.580608034909945
50,5.0,S2,1.0,7,0.560080168138114
50,5.0,S2,1.0,8,0.8691453830635341
50,5.0,S2,1.0,9,0.5746309703649808
200,5.0,S2,0.2,0,0.44928771009766577
200,5.0,S2,0.2,1,0.8127684957560253
200,5.0,S2,0.2,2,0.7749417934667917
200,5.0,S2,0.2,3,0.41715308401735635
200,5.0,S2,0.2,4,0.8049196570245063
200,5.0,S2,0.2,5,0.6230835181067877
200,5.0,S2,0.2,6,0.761405930157365
200,5.0,S2,0.2,7,0.6646401485409802
200,5.0,S2,0.2,8,1.0533266565784332
200,5.0,S2,0.2,9,0.46241979681082657
200,5.0,S2,0.5,0,0.5118468102537252
200,5.0,S2,0.5,1,0.4768944378072682
200,5.0,S2,0.5,2,0.5336990157910333
200,5.0,S2,0.5,3,0.5467716984922186
200,5.0,S2,0.5,4,0.5228931475581207
200,5.0,S2,0.5,5,0.7460340467310385
200,5.0,S2,0.5,6,0.6938052943323091
200,5.0,S2,0.5,7,0.66004149668484
200,5.0,S2,0.5,8,0.7317901614850304
200,5.0,S2,0.5,9,0.42040100346000153
200,5.0,S2,1.0,0,0.7150418420682598
200,5.0,S2,1.0,1,0.8474725480687477
200,5.0,S2,1.0,2,0.5708671072257705
200,5.0,S2,1.0,3,0.6656536624405975
200,5.0,S2,1.0,4,0.6237741406958917
200,5.0,S2,1.0,5,0.7636594293162406
200,5.0,S2,1.0,6,0.706849108302665
200,5.0,S2,1.0,7,0.6839821083841855
200,5.0,S2,1.0,8,0.8851210390017148
200,5.0,S2,1.0,9,0.5092782595742125
1000,5.0,S2,0.2,0,0.7415080903827087
1000,5.0,S2,0.2,1,0.6640140027693209
1000,5.0,S2,0.2,2,0.7869744281451764
1000,5.0,S2,0.2,3,0.7507422327709599
1000,5.0,S2,0.2,4,0.6358204099011253
1000,5.0,S2,0.2,5,0.7538883807105157
1000,5.0,S2,0.2,6,0.7218372876274338
1000,5.0,S2,0.2,7,2.1299952749127034
1000,5.0,S2,0.2,8,0.9986578698521587
1000,5.0,S2,0.2,9,0.7209248104565694
1000,5.0,S2,0.5,0,0.7177540114475744
1000,5.0,S2,0.5,1,0.7235582928578045
1000,5.0,S2,0.5,2,1.1308392370801281
1000,5.0,S2,0.5,3,0.8319964362773798
1000,5.0,S2,0.5,4,1.4299618567575734
1000,5.0,S2,0.5,5,0.7908673646037049
1000,5.0,S2,0.5,6,0.6593131051617644
1000,5.0,S2,0.5,7,0.6744772253537485
1000,5.0,S2,0.5,8,0.6800563612896768
1000,5.0,S2,0.5,9,0.7670791115498683
1000,5.0,S2,1.0,0,0.6644989539624011
1000,5.0,S2,1.0,1,0.5683137664236246
1000,5.0,S2,1.0,2,1.9489418690462785
1000,5.0,S2,1.0,3,0.5790127528340295
1000,5.0,S2,1.0,4,0.7199613488865637
1000,5.0,S2,1.0,5,0.6348490511959017
1000,5.0,S2,1.0,6,1.587359776462523
1000,5.0,S2,1.0,7,0.5843798591668331
1000,5.0,S2,1.0,8,0.5538971192538158
1000,5.0,S2,1.0,9,1.6687389879105727
5000,5.0,S2,0.2,0,0.8273533869836518
5000,5.0,S2,0.2,1,0.7487682703513896
5000,5.0,S2,0.2,2,0.8741327577266524
5000,5.0,S2,0.2,3,1.1256729019258542
5000,5.0,S2,0.2,4,0.8468049057986398
5000,5.0,S2,0.2,5,0.7277351416945912
5000,5.0,S2,0.2,6,0.7539052254093981
5000,5.0,S2,0.2,7,0.7673290799488766
5000,5.0,S2,0.2,8,0.7056070500411291
5000,5.0,S2,0.2,9,0.7577545281255709
5000,5.0,S2,0.5,0,1.1190286337762336
5000,5.0,S2,0.5,1,0.7014746455776114
5000,5.0,S2,0.5,2,1.368155420322238
5000,5.0,S2,0.5,3,1.3868007909439193
5000,5.0,S2,0.5,4,1.630117137949453
5000,5.0,S2,0.5,5,1.0890391470607905
5000,5.0,S2,0.5,6,1.4182594041528063
5000,5.0,S2,0.5,7,1.3104880689930725
5000,5.0,S2,0.5,8,0.9056778976148745
5000,5.0,S2,0.5,9,0.9735212132579343
5000,5.0,S2,1.0,0,0.5651133562100714
5000,5.0,S2,1.0,1,1.8724283733253577
5000,5.0,S2,1.0,2,1.7065855181004652
5000,5.0,S2,1.0,3,2.255201527420855
5000,5.0,S2,1.0,4,2.1316401176769424
5000,5.0,S2,1.0,5,0.626428546879549
5000,5.0,S2,1.0,6,1.4074249946508464
5000,5.0,S2,1.0,7,1.8819449721035924
5000,5.0,S2,1.0,8,1.510320013381981
5000,5.0,S2,1.0,9,1.74522332276088
50,0.5,S3,0.2,0,1.3595063462643946
50,0.5,S3,0.2,1,0.787239599249093
50,0.5,S3,0.2,2,0.9303542791073877
50,0.5,S3,0.2,3,1.382550494588695
50,0.5,S3,0.2,4,1.5770483949203866
50,0.5,S3,0.2,5,2.084909679019284
50,0.5,S3,0.2,6,1.3399839612318432
50,0.5,S3,0.2,7,2.738917860895125
50,0.5,S3,0.2,8,1.1148049398765667
50,0.5,S3,0.2,9,2.5941670584288636
50,0.5,S3,0.5,0,1.1560030844926954
50,0.5,S3,0.5,1,1.401442821220033
50,0.5,S3,0.5,2,0.6979329168594898
50,0.5,S3,0.5,3,1.3894417617167183
50,0.5,S3,0.5,4,0.6948454902847858
50,0.5,S3,0.5,5,0.5866821305374923
50,0.5,S3,0.5,6,0.37743496849730784
50,0.5,S3,0.5,7,1.1313159058945024
50,0.5,S3,0.5,8,1.4969491739127259
50,0.5,S3,0.5,9,0.7653477051394761
50,0.5,S3,1.0,0,0.5975675995330307
50,0.5,S3,1.0,1,1.0623858724895645
50,0.5,S3,1.0,2,0.6835774311737115
50,0.5,S3,1.0,3,1.6056643998067335
50,0.5,S3,1.0,4,2.6636589467493175
50,0.5,S3,1.0,5,1.3737670059394562
50,0.5,S3,1.0,6,0.6416865944754324
50,0.5,S3,1.0,7,0.1254815870134286
50,0.5,S3,1.0,8,1.3630253464570148
50,0.5,S3,1.0,9,0.35493863739515064
200,0.5,S3,0.2,0,1.185838494884944
200,0.5,S3,0.2,1,0.4862775551490296
200,0.5,S3,0.2,2,1.0829275278429151
200,0.5,S3,0.2,3,0.8946176068068074
200,0.5,S3,0.2,4,0.5474580335585806
200,0.5,S3,0.2,5,1.0484657570240956
200,0.5,S3,0.2,6,1.9595091577546246
200,0.5,S3,0.2,7,0.9203531279295214
200,0.5,S3,0.2,8,0.8779967479225144
200,0.5,S3,0.2,9,0.1251488611431404
200,0.5,S3,0.5,0,1.5562480027436236
200,0.5,S3,0.5,1,0.24150218465605444
200,0.5,S3,0.5,2,0.9278285380073004
200,0.5,S3,0.5,3,0.14320159082247164
200,0.5,S3,0.5,4,0.9090875744419245
200,0.5,S3,0.5,5,0.10754261779308294
200,0.5,S3,0.5,6,1.023764646201744
200,0.5,S3,0.5,7,0.8344232095489965
200,0.5,S3,0.5,8,0.9730799468438516
200,0.5,S3,0.5,9,1.5516847811891008
200,0.5,S3,1.0,0,1.1244783266273792
200,0.5,S3,1.0,1,1.5675188954229997
200,0.5,S3,1.0,2,1.3028118418050172
200,0.5,S3,1.0,3,2.108175148408885
200,0.5,S3,1.0,4,2.4931413082388296
200,0.5,S3,1.0,5,0.48955566317383925
200,0.5,S3,1.0,6,2.087537949120586
200,0.5,S3,1.0,7,0.7976007074624167
200,0.5,S3,1.0,8,1.8451597178206363
200,0.5,S3,1.0,9,1.2247088721119814
1000,0.5,S3,0.2,0,0.6794707722730968
1000,0.5,S3,0.2,1,1.1012410515397708
1000,0.5,S3,0.2,2,3.9084076390403317
1000,0.5,S3,0.2,3,3.9790482366743527
1000,0.5,S3,0.2,4,1.2343592139707376
1000,0.5,S3,0.2,5,0.5881529293595955
1000,0.5,S3,0.2,6,0.65510416945878
1000,0.5,S3,0.2,7,0.8705082547554268
1000,0.5,S3,0.2,8,0.7813166267013282
1000,0.5,S3,0.2,9,1.1095161189673834
1000,0.5,S3,0.5,0,1.343329781048554
1000,0.5,S3,0.5,1,3.7522719884392406
1000,0.5,S3,0.5,2,0.9221965573246607
1000,0.5,S3,0.5,3,1.015685108991395
1000,0.5,S3,0.5,4,0.9471258296875957
1000,0.5,S3,0.5,5,1.2471554224693495
1000,0.5,S3,0.5,6,0.8653930302542157
1000,0.5,S3,0.5,7,1.1075559353882056
1000,0.5,S3,0.5,8,1.1521412669032678
1000,0.5,S3,0.5,9,1.0116507981338234
1000,0.5,S3,1.0,0,1.370020728001211
1000,0.5,S3,1.0,1,1.0759590907486374
1000,0.5,S3,1.0,2,1.0110131134867595
1000,0.5,S3,1.0,3,1.6168388397265492
1000,0.5,S3,1.0,4,1.396025173233777
1000,0.5,S3,1.0,5,0.828655333221454
1000,0.5,S3,1.0,6,1.2647661853362062
1000,0.5,S3,1.0,7,4.435116115703186
1000,0.5,S3,1.0,8,1.2705104662149729
1000,0.5,S3,1.0,9,1.3684452167808705
5000,0.5,S3,0.2,0,1.5428637485410688
5000,0.5,S3,0.2,1,0.8949272194378051
5000,0.5,S3,0.2,2,5.220498401818057
5000,0.5,S3,0.2,3,1.1512028197521134
5000,0.5,S3,0.2,4,2.896275733622098
5000,0.5,S3,0.2,5,0.9699155457232909
5000,0.5,S3,0.2,6,1.1316392992708046
5000,0.5,S3,0.2,7,0.801500477672294
5000,0.5,S3,0.2,8,2.059808492125223
5000,0.5,S3,0.2,9,1.087650590438657
5000,0.5,S3,0.5,0,1.0813843001659698
5000,0.5,S3,0.5,1,1.6269440832774693
5000,0.5,S3,0.5,2,0.8272533924543082
5000,0.5,S3,0.5,3,1.0758508364182893
5000,0.5,S3,0.5,4,2.571743848601362
5000,0.5,S3,0.5,5,1.06767323506864
5000,0.5,S3,0.5,6,1.0803051448868113
5000,0.5,S3,0.5,7,3.3188585096423506
5000,0.5,S3,0.5,8,3.289220366592187
5000,0.5,S3,0.5,9,2.929460950825421
5000,0.5,S3,1.0,0,2.7489624042272247
5000,0.5,S3,1.0,1,0.9559221002834156
5000,0.5,S3,1.0,2,3.1834933278620468
5000,0.5,S3,1.0,3,1.2222451592902375
5000,0.5,S3,1.0,4,2.2178896419392964
5000,0.5,S3,1.0,5,1.0187845621598883
5000,0.5,S3,1.0,6,1.354337589973711
5000,0.5,S3,1.0,7,1.3657284561536462
5000,0.5,S3,1.0,8,2.6143685177720806
5000,0.5,S3,1.0,9,1.0130534703671215
50,1.0,S3,0.2,0,0.6331750632639762
50,1.0,S3,0.2,1,1.1544852699053438
50,1.0,S3,0.2,2,1.3187225079412568
50,1.0,S3,0.2,3,0.6063407323736628
50,1.0,S3,0.2,4,0.6531121506950573
50,1.0,S3,0.2,5,0.4682667774456377
50,1.0,S3,0.2,6,0.10116123284157008
50,1.0,S3,0.2,7,0.4541097528804109
50,1.0,S3,0.2,8,1.7968762901047557
50,1.0,S3,0.2,9,0.7195012300156525
50,1.0,S3,0.5,0,0.900147615720432
50,1.0,S3,0.5,1,0.37227218038725735
50,1.0,S3,0.5,2,0.4895957088211041
50,1.0,S3,0.5,3,0.6795090967403292
50,1.0,S3,0.5,4,0.6032853508507174
50,1.0,S3,0.5,5,0.8571350511529282
50,1.0,S3,0.5,6,1.3380541278293556
50,1.0,S3,0.5,7,1.1587297133674463
50,1.0,S3,0.5,8,0.31140280617896576
50,1.0,S3,0.5,9,1.011932002508186
50,1.0,S3,1.0,0,0.6402630065858315
50,1.0,S3,1.0,1,0.816694451644063
50,1.0,S3,1.0,2,1.5099555033457681
50,1.0,S3,1.0,3,1.1861167653295654
50,1.0,S3,1.0,4,0.7012562804314482
50,1.0,S3,1.0,5,0.540105988304239
50,1.0,S3,1.0,6,0.5324996684735823
50,1.0,S3,1.0,7,0.8220788760695709
50,1.0,S3,1.0,8,0.9487899684383415
50,1.0,S3,1.0,9,1.4133491673707133
200,1.0,S3,0.2,0,1.2819009500448968
200,1.0,S3,0.2,1,0.8789791150615904
200,1.0,S3,0.2,2,0.8690084305719357
200,1.0,S3,0.2,3,0.7194349603260809
200,1.0,S3,0.2,4,1.2644743227538755
200,1.0,S3,0.2,5,0.708984941884271
200,1.0,S3,0.2,6,1.2186161644178253
200,1.0,S3,0.2,7,0.5819655735751981
200,1.0,S3,0.2,8,1.0558525355327637
200,1.0,S3,0.2,9,1.0030141376856525
200,1.0,S3,0.5,0,0.958450286448993
200,1.0,S3,0.5,1,1.0261024324993446
200,1.0,S3,0.5,2,0.8357529842765288
200,1.0,S3,0.5,3,1.0636042673954447
200,1.0,S3,0.5,4,0.8774771297034067
200,1.0,S3,0.5,5,0.7179963609131728
200,1.0,S3,0.5,6,0.9360444533272044
200,1.0,S3,0.5,7,0.7547789980484149
200,1.0,S3,0.5,8,1.0066008840619265
200,1.0,S3,0.5,9,0.8904848825412479
200,1.0,S3,1.0,0,0.6115623472894637
200,1.0,S3,1.0,1,1.0376302117432643
200,1.0,S3,1.0,2,0.989060229088486
200,1.0,S3,1.0,3,1.2271291288506712
200,1.0,S3,1.0,4,0.87927775525243
200,1.0,S3,1.0,5,1.1252527072292482
200,1.0,S3,1.0,6,0.8611457800298985
200,1.0,S3,1.0,7,1.300902441430953
200,1.0,S3,1.0,8,1.144706663770359
200,1.0,S3,1.0,9,0.947772442345275
1000,1.0,S3,0.2,0,0.7601367210709375
1000,1.0,S3,0.2,1,0.876222527937851
1000,1.0,S3,0.2,2,1.1235751047009674
1000,1.0,S3,0.2,3,0.871142174423011
1000,1.0,S3,0.2,4,1.0151775979830857
1000,1.0,S3,0.2,5,1.0410081970162604
1000,1.0,S3,0.2,6,0.8826458330548004
1000,1.0,S3,0.2,7,0.8300506332031309
1000,1.0,S3,0.2,8,0.9035483519501439
1000,1.0,S3,0.2,9,0.8310671054149239
1000,1.0,S3,0.5,0,1.1919178269592459
1000,1.0,S3,0.5,1,6203.447159721474
1000,1.0,S3,0.5,2,1.3218297311695046
1000,1.0,S3,0.5,3,0.7370442079968089
1000,1.0,S3,0.5,4,0.9862465660506333
1000,1.0,S3,0.5,5,1.1359207766255688
1000,1.0,S3,0.5,6,1.6416910980187056
1000,1.0,S3,0.5,7,1.1370846186500025
1000,1.0,S3,0.5,8,0.7675041988018156
1000,1.0,S3,0.5,9,1.0942394324636942
1000,1.0,S3,1.0,0,1.243526652134796
1000,1.0,S3,1.0,1,1.2470874067765858
1000,1.0,S3,1.0,2,1.3759645567393937
1000,1.0,S3,1.0,3,1.3617006510530685
1000,1.0,S3,1.0,4,1.102542953174981
1000,1.0,S3,1.0,5,1.309694259618618
1000,1.0,S3,1.0,6,1.2968830487841982
1000,1.0,S3,1.0,7,1.1680840258876364
1000,1.0,S3,1.0,8,1.4665166270259582
1000,1.0,S3,1.0,9,1.363357086784655
5000,1.0,S3,0.2,0,1.135455055320292
5000,1.0,S3,0.2,1,0.9897115056392825
5000,1.0,S3,0.2,2,1.0427739245533783
5000,1.0,S3,0.2,3,1.0250367914558194
5000,1.0,S3,0.2,4,0.9591760753747476
5000,1.0,S3,0.2,5,0.9960333152141744
5000,1.0,S3,0.2,6,1.7273364218880247
5000,1.0,S3,0.2,7,1.3283830291957262
5000,1.0,S3,0.2,8,0.7646171117124946
5000,1.0,S3,0.2,9,1.2237286938619534
5000,1.0,S3,0.5,0,0.8738069691687403
5000,1.0,S3,0.5,1,0.7912371912228847
5000,1.0,S3,0.5,2,0.8462815035267209
5000,1.0,S3,0.5,3,0.9030331470568569
5000,1.0,S3,0.5,4,1.366708856202887
5000,1.0,S3,0.5,5,1.4194029885817296
5000,1.0,S3,0.5,6,0.758550241061485
5000,1.0,S3,0.5,7,1.1209085720069027
5000,1.0,S3,0.5,8,1.3917103538731252
5000,1.0,S3,0.5,9,1.2787345207542677
5000,1.0,S3,1.0,0,1.5601015865085002
5000,1.0,S3,1.0,1,1.8871110098479458
5000,1.0,S3,1.0,2,0.7793101094473199
5000,1.0,S3,1.0,3,1.026625581299697
5000,1.0,S3,1.0,4,0.8932150277542495
5000,1.0,S3,1.0,5,1.3806506141533448
5000,1.0,S3,1.0,6,0.9348842211880786
5000,1.0,S3,1.0,7,2.106324905987332
5000,1.0,S3,1.0,8,1.6118160357448077
5000,1.0,S3,1.0,9,1.0567485528891492
50,2.0,S3,0.2,0,0.30002250314323275
50,2.0,S3,0.2,1,0.2992313852579346
50,2.0,S3,0.2,2,0.9710001309577266
50,2.0,S3,0.2,3,0.3778530328447227
50,2.0,S3,0.2,4,0.7167989408516611
50,2.0,S3,0.2,5,0.7906123083188654
50,2.0,S3,0.2,6,0.4374159661161824
50,2.0,S3,0.2,7,0.7452150240642867
50,2.0,S3,0.2,8,0.6937791817999162
50,2.0,S3,0.2,9,0.9085787629092501
50,2.0,S3,0.5,0,0.4485886191715358
50,2.0,S3,0.5,1,0.6651744471174418
50,2.0,S3,0.5,2,0.7447642235979469
50,2.0,S3,0.5,3,0.6566545989139954
50,2.0,S3,0.5,4,1.3278686296431168
50,2.0,S3,0.5,5,0.9254336764001121
50,2.0,S3,0.5,6,0.7589541335224447
50,2.0,S3,0.5,7,0.6731492932356811
50,2.0,S3,0.5,8,0.34054525756091436
50,2.0,S3,0.5,9,0.4614834460146422
50,2.0,S3,1.0,0,0.5796014972282227
50,2.0,S3,1.0,1,0.6910212628787519
50,2.0,S3,1.0,2,0.9258704999063768
50,2.0,S3,1.0,3,0.5263469008195037
50,2.0,S3,1.0,4,0.566002676846492
50,2.0,S3,1.0,5,0.8257001251970948
50,2.0,S3,1.0,6,1.0547605758257386
50,2.0,S3,1.0,7,0.9376259415734585
50,2.0,S3,1.0,8,1.2432082332797827
50,2.0,S3,1.0,9,1.0667371796106169
200,2.0,S3,0.2,0,0.5570939443035385
200,2.0,S3,0.2,1,0.5322293406750694
200,2.0,S3,0.2,2,0.6617123296937839
200,2.0,S3,0.2,3,0.8246643797745613
200,2.0,S3,0.2,4,0.9706517468302863
200,2.0,S3,0.2,5,0.6134464792797212
200,2.0,S3,0.2,6,0.8080444729864731
200,2.0,S3,0.2,7,0.7654976996925908
200,2.0,S3,0.2,8,1.0258890676288681
200,2.0,S3,0.2,9,0.6764112809393705
200,2.0,S3,0.5,0,1.3233598164667262
200,2.0,S3,0.5,1,1.0019693018431703
200,2.0,S3,0.5,2,0.9423799416055417
200,2.0,S3,0.5,3,1.035593917947518
200,2.0,S3,0.5,4,0.7630925254808657
200,2.0,S3,0.5,5,1.034884786616189
200,2.0,S3,0.5,6,0.7113982367303918
200,2.0,S3,0.5,7,0.8260159465558602
200,2.0,S3,0.5,8,0.9504625203210739
200,2.0,S3,0.5,9,1.3082420036871234
200,2.0,S3,1.0,0,1.227626009931491
200,2.0,S3,1.0,1,1.2349807467732
200,2.0,S3,1.0,2,1.1722343825897419
200,2.0,S3,1.0,3,1.1234828808754413
200,2.0,S3,1.0,4,1.2150525769507527
200,2.0,S3,1.0,5,1.2069410210287588
200,2.0,S3,1.0,6,1.1999218498898134
200,2.0,S3,1.0,7,1.6718559234121302
200,2.0,S3,1.0,8,1.3308116921650373
200,2.0,S3,1.0,9,1.2218208021794554
1000,2.0,S3,0.2,0,0.941089662579361
1000,2.0,S3,0.2,1,0.9640199661438642
1000,2.0,S3,0.2,2,0.9285093953646906
1000,2.0,S3,0.2,3,1.1174064620904376
1000,2.0,S3,0.2,4,0.952671136095247
1000,2.0,S3,0.2,5,0.8473910687242253
1000,2.0,S3,0.2,6,1.017868760099351
1000,2.0,S3,0.2,7,0.8829153671620316
1000,2.0,S3,0.2,8,1.0630909129808424
1000,2.0,S3,0.2,9,0.9105210944571474
1000,2.0,S3,0.5,0,0.8887943565994094
1000,2.0,S3,0.5,1,1.0652590800043147
1000,2.0,S3,0.5,2,1.074028358309651
1000,2.0,S3,0.5,3,1.0914264019097375
1000,2.0,S3,0.5,4,0.8692558639607552
1000,2.0,S3,0.5,5,0.9567155219539016
1000,2.0,S3,0.5,6,0.9617057319357555
1000,2.0,S3,0.5,7,1.20170723254528
1000,2.0,S3,0.5,8,1.0976868683260315
1000,2.0,S3,0.5,9,1.0685622992295694
1000,2.0,S3,1.0,0,1.2085037352754453
1000,2.0,S3,1.0,1,1.2928101085692663
1000,2.0,S3,1.0,2,1.095100612392677
1000,2.0,S3,1.0,3,1.2084263532987345
1000,2.0,S3,1.0,4,1.1265523670844493
1000,2.0,S3,1.0,5,1.1692536566991822
1000,2.0,S3,1.0,6,1.2068081437284612
1000,2.0,S3,1.0,7,1.4053364974707787
1000,2.0,S3,1.0,8,1.3937145723452335
1000,2.0,S3,1.0,9,1.2854904111227963
5000,2.0,S3,0.2,0,0.7864200221466093
5000,2.0,S3,0.2,1,0.7966612750411541
5000,2.0,S3,0.2,2,0.8065637498186748
5000,2.0,S3,0.2,3,1.0427462589320478
5000,2.0,S3,0.2,4,0.7729017576164623
5000,2.0,S3,0.2,5,0.8272918956301986
5000,2.0,S3,0.2,6,0.8059356570018302
5000,2.0,S3,0.2,7,0.7983642454648744
5000,2.0,S3,0.2,8,0.9425379530628801
5000,2.0,S3,0.2,9,0.8231113540656915
5000,2.0,S3,0.5,0,0.8301250702784954
5000,2.0,S3,0.5,1,1.1493221206215325
5000,2.0,S3,0.5,2,0.8455203980580388
5000,2.0,S3,0.5,3,1.110446354799385
5000,2.0,S3,0.5,4,0.828359569601409
5000,2.0,S3,0.5,5,1.2653540126783258
5000,2.0,S3,0.5,6,0.8153519529684446
5000,2.0,S3,0.5,7,0.7913715184401158
5000,2.0,S3,0.5,8,0.8265909166697243
5000,2.0,S3,0.5,9,0.8475649121076446
5000,2.0,S3,1.0,0,1.5709263611243514
5000,2.0,S3,1.0,1,1.3187028026610736
5000,2.0,S3,1.0,2,0.852925608154744
5000,2.0,S3,1.0,3,0.8608816594572871
5000,2.0,S3,1.0,4,0.8152481856367807
5000,2.0,S3,1.0,5,1.279620393398684
5000,2.0,S3,1.0,6,1.138550324972055
5000,2.0,S3,1.0,7,0.8945961173118917
5000,2.0,S3,1.0,8,0.9035740243985046
5000,2.0,S3,1.0,9,0.8691470680325659
50,5.0,S3,0.2,0,0.7695810917441036
50,5.0,S3,0.2,1,0.7336239498648953
50,5.0,S3,0.2,2,0.7263229740592358
50,5.0,S3,0.2,3,0.6341552252903884
50,5.0,S3,0.2,4,0.7818113694297957
50,5.0,S3,0.2,5,0.7026100948503475
50,5.0,S3,0.2,6,0.5071612085137387
50,5.0,S3,0.2,7,0.6157275188646998
50,5.0,S3,0.2,8,0.5546558058975906
50,5.0,S3,0.2,9,0.5994144192224848
50,5.0,S3,0.5,0,0.5984793209141013
50,5.0,S3,0.5,1,0.6873075244796778
50,5.0,S3,0.5,2,0.48744816862446244
50,5.0,S3,0.5,3,0.7035937366878767
50,5.0,S3,0.5,4,0.6434825757940248
50,5.0,S3,0.5,5,0.8129277011969422
50,5.0,S3,0.5,6,0.713875085458803
50,5.0,S3,0.5,7,0.810461326267757
50,5.0,S3,0.5,8,0.7660085139330485
50,5.0,S3,0.5,9,0.6407761581103546
50,5.0,S3,1.0,0,0.6019872972639464
50,5.0,S3,1.0,1,0.8512944295074856
50,5.0,S3,1.0,2,0.6744780920264233
50,5.0,S3,1.0,3,0.9933631434982857
50,5.0,S3,1.0,4,1.0122222859824381
50,5.0,S3,1.0,5,0.8029392470655179
50,5.0,S3,1.0,6,0.844067749615123
50,5.0,S3,1.0,7,0.7930308925402102
50,5.0,S3,1.0,8,1.169401109159428
50,5.0,S3,1.0,9,1.0190287574163812
200,5.0,S3,0.2,0,0.6279931043168125
200,5.0,S3,0.2,1,0.737182055466132
200,5.0,S3,0.2,2,0.60445705794147
200,5.0,S3,0.2,3,0.7044717866048986
200,5.0,S3,0.2,4,1.0304852195943277
200,5.0,S3,0.2,5,0.6636957476778178
200,5.0,S3,0.2,6,0.7038504413828206
200,5.0,S3,0.2,7,0.8870079323797586
200,5.0,S3,0.2,8,0.9472868559278327
200,5.0,S3,0.2,9,0.5757293565386745
200,5.0,S3,0.5,0,1.0064857667808669
200,5.0,S3,0.5,1,0.8450245321504752
200,5.0,S3,0.5,2,0.8129828303337674
200,5.0,S3,0.5,3,0.9616360405732864
200,5.0,S3,0.5,4,0.8110907319606089
200,5.0,S3,0.5,5,1.0762154816634313
200,5.0,S3,0.5,6,0.8172705165803679
200,5.0,S3,0.5,7,0.9586582561072278
200,5.0,S3,0.5,8,0.9782109512814431
200,5.0,S3,0.5,9,0.9688010986596195
200,5.0,S3,1.0,0,1.2175340330667193
200,5.0,S3,1.0,1,1.2809029989006782
200,5.0,S3,1.0,2,0.8354555860005033
200,5.0,S3,1.0,3,0.9780483288796162
200,5.0,S3,1.0,4,1.3653437541321947
200,5.0,S3,1.0,5,1.098765615822248
200,5.0,S3,1.0,6,1.1379967532501563
200,5.0,S3,1.0,7,1.0605580200840203
200,5.0,S3,1.0,8,1.1514332610854967
200,5.0,S3,1.0,9,0.9900281202453302
1000,5.0,S3,0.2,0,0.9322596924678224
1000,5.0,S3,0.2,1,1.1043774714217707
1000,5.0,S3,0.2,2,1.1624303765854713
1000,5.0,S3,0.2,3,0.9587954582321168
1000,5.0,S3,0.2,4,1.0534388441945237
1000,5.0,S3,0.2,5,0.8363206477431029
1000,5.0,S3,0.2,6,0.8412619391285043
1000,5.0,S3,0.2,7,0.8219264553866747
1000,5.0,S3,0.2,8,0.9078017981944755
1000,5.0,S3,0.2,9,1.0312894331733222
1000,5.0,S3,0.5,0,1.2310600997378194
1000,5.0,S3,0.5,1,0.9776867697208794
1000,5.0,S3,0.5,2,1.3615866776083188
1000,5.0,S3,0.5,3,1.0811312019837744
1000,5.0,S3,0.5,4,1.1437306683931099
1000,5.0,S3,0.5,5,1.2420108149379836
1000,5.0,S3,0.5,6,1.2754529015621647
1000,5.0,S3,0.5,7,0.9610142969364385
1000,5.0,S3,0.5,8,1.3669103146838257
1000,5.0,S3,0.5,9,0.9788943110236455
1000,5.0,S3,1.0,0,1.2636309277961222
1000,5.0,S3,1.0,1,1.2473666293047767
1000,5.0,S3,1.0,2,1.119188571146743
1000,5.0,S3,1.0,3,1.3052268298143583
1000,5.0,S3,1.0,4,1.5345783706679281
1000,5.0,S3,1.0,5,1.4191081954321096
1000,5.0,S3,1.0,6,3.48177726057644
1000,5.0,S3,1.0,7,0.8636796523539902
1000,5.0,S3,1.0,8,1.2749834256408457
1000,5.0,S3,1.0,9,1.173925119136439
5000,5.0,S3,0.2,0,0.805011249851147
5000,5.0,S3,0.2,1,0.78629863429162
5000,5.0,S3,0.2,2,1.1420843382024866
5000,5.0,S3,0.2,3,0.8255177106310783
5000,5.0,S3,0.2,4,0.821596386893566
5000,5.0,S3,0.2,5,0.793402043996726
5000,5.0,S3,0.2,6,1.2784701468093735
5000,5.0,S3,0.2,7,1.0173699738689057
5000,5.0,S3,0.2,8,0.8051070194764681
5000,5.0,S3,0.2,9,1.0212241269974567
5000,5.0,S3,0.5,0,0.8300750621795031
5000,5.0,S3,0.5,1,1.420366655482605
5000,5.0,S3,0.5,2,0.8300465367384491
5000,5.0,S3,0.5,3,0.8492246744581169
5000,5.0,S3,0.5,4,0.849745517030603
5000,5.0,S3,0.5,5,0.8634804428148017
5000,5.0,S3,0.5,6,1.1694058505420228
5000,5.0,S3,0.5,7,0.8318816225145365
5000,5.0,S3,0.5,8,0.8186563365205853
5000,5.0,S3,0.5,9,0.8157056091064743
5000,5.0,S3,1.0,0,1.3388525568685445
5000,5.0,S3,1.0,1,1.3466229104731373
5000,5.0,S3,1.0,2,0.8867027022607579
5000,5.0,S3,1.0,3,1.5786074241994865
5000,5.0,S3,1.0,4,0.8720937042125259
5000,5.0,S3,1.0,5,0.9153254770654667
5000,5.0,S3,1.0,6,1.6032326383649589
5000,5.0,S3,1.0,7,0.8623328329817834
5000,5.0,S3,1.0,8,1.6190847451858006
5000,5.0,S3,1.0,9,0.8883653081897899
50,0.5,S4,0.2,0,1.5595497146125925
50,0.5,S4,0.2,1,0.9051216770932866
50,0.5,S4,0.2,2,0.5639033357416667
50,0.5,S4,0.2,3,1.372011956892964
50,0.5,S4,0.2,4,0.5881365544406656
50,0.5,S4,0.2,5,1.1213022126124224
50,0.5,S4,0.2,6,1.249685861058612
50,0.5,S4,0.2,7,0.8279671317169655
50,0.5,S4,0.2,8,0.22793010017917825
50,0.5,S4,0.2,9,0.7301667751676261
50,0.5,S4,0.5,0,1.9925560993641445
50,0.5,S4,0.5,1,1.9317505299102224
50,0.5,S4,0.5,2,1.1271295248193172
50,0.5,S4,0.5,3,1.2207586093366625
50,0.5,S4,0.5,4,1.2833067370370785
50,0.5,S4,0.5,5,0.30396142439688956
50,0.5,S4,0.5,6,1.1124657910688773
50,0.5,S4,0.5,7,1.0746234941943777
50,0.5,S4,0.5,8,1.377645371343168
50,0.5,S4,0.5,9,1.169748261632366
50,0.5,S4,1.0,0,1.5061207140734933
50,0.5,S4,1.0,1,1.5696101453448108
50,0.5,S4,1.0,2,1.560416311379905
50,0.5,S4,1.0,3,1.3822020788958203
50,0.5,S4,1.0,4,1.8589236867153205
50,0.5,S4,1.0,5,0.8081334060868031
50,0.5,S4,1.0,6,1.2148408879213395
50,0.5,S4,1.0,7,1.6083859098418771
50,0.5,S4,1.0,8,2.736641517360061
50,0.5,S4,1.0,9,1.138506937697221
200,0.5,S4,0.2,0,1.4175077217276288
200,0.5,S4,0.2,1,1.4559240066444903
200,0.5,S4,0.2,2,1.5690603923800874
200,0.5,S4,0.2,3,0.9371388954085862
200,0.5,S4,0.2,4,0.975644568074505
200,0.5,S4,0.2,5,1.2416711234928128
200,0.5,S4,0.2,6,0.7001112035035075
200,0.5,S4,0.2,7,1.0751079255267049
200,0.5,S4,0.2,8,1.283826685739928
200,0.5,S4,0.2,9,1.3979103339339645
200,0.5,S4,0.5,0,1.8431844614770816
200,0.5,S4,0.5,1,1.0751317337118702
200,0.5,S4,0.5,2,1.1054403814181175
200,0.5,S4,0.5,3,1.468816890612934
200,0.5,S4,0.5,4,1.7956856101131886
200,0.5,S4,0.5,5,2.1725165032782705
200,0.5,S4,0.5,6,0.7572344043134108
200,0.5,S4,0.5,7,1.2326437090784435
200,0.5,S4,0.5,8,0.7477460017598265
200,0.5,S4,0.5,9,1.085375216591876
200,0.5,S4,1.0,0,1.9997761894452557
200,0.5,S4,1.0,1,1.0022551792786176
200,0.5,S4,1.0,2,1.466077223254052
200,0.5,S4,1.0,3,1.8920735955082857
200,0.5,S4,1.0,4,11.630179847239425
200,0.5,S4,1.0,5,0.8235599996809675
200,0.5,S4,1.0,6,2.3065243142222935
200,0.5,S4,1.0,7,1.9022832441796527
200,0.5,S4,1.0,8,1.3144840333783618
200,0.5,S4,1.0,9,1.1287792340694356
1000,0.5,S4,0.2,0,0.9443060289723652
1000,0.5,S4,0.2,1,0.75115289624409
1000,0.5,S4,0.2,2,0.9702031983240468
1000,0.5,S4,0.2,3,0.8025750153403997
1000,0.5,S4,0.2,4,0.8652649908356953
1000,0.5,S4,0.2,5,0.84645759218454
1000,0.5,S4,0.2,6,0.8907732906228437
1000,0.5,S4,0.2,7,1.0678931766658446
1000,0.5,S4,0.2,8,1.0084741266381196
1000,0.5,S4,0.2,9,0.6394193374123693
1000,0.5,S4,0.5,0,1.0422204894899663
1000,0.5,S4,0.5,1,1.2902625043198215
1000,0.5,S4,0.5,2,1.1295006056720651
1000,0.5,S4,0.5,3,1.4513364516783067
1000,0.5,S4,0.5,4,1.7161714856302428
1000,0.5,S4,0.5,5,1.2142920466364988
1000,0.5,S4,0.5,6,1.2556099722095586
1000,0.5,S4,0.5,7,1.3731006301200992
1000,0.5,S4,0.5,8,1.3274075596149908
1000,0.5,S4,0.5,9,1.2358004859537817
1000,0.5,S4,1.0,0,2.194278193770748
1000,0.5,S4,1.0,1,2.1478223470541087
1000,0.5,S4,1.0,2,2.2424865860083965
1000,0.5,S4,1.0,3,1.720282064042006
1000,0.5,S4,1.0,4,1.9555438499882438
1000,0.5,S4,1.0,5,3.801314194999117
1000,0.5,S4,1.0,6,1.5472384111498743
1000,0.5,S4,1.0,7,1.6160131503880049
1000,0.5,S4,1.0,8,1.992673912116884
1000,0.5,S4,1.0,9,1.9633072737952522
5000,0.5,S4,0.2,0,0.6197266900393148
5000,0.5,S4,0.2,1,0.7783215441195694
5000,0.5,S4,0.2,2,1.9006622120693515
5000,0.5,S4,0.2,3,1.0781157771754848
5000,0.5,S4,0.2,4,1.4121569812577037
5000,0.5,S4,0.2,5,2.541580056854759
5000,0.5,S4,0.2,6,1.2672012973423703
5000,0.5,S4,0.2,7,2.688738173373924
5000,0.5,S4,0.2,8,0.7514107743568982
5000,0.5,S4,0.2,9,1.1916705858928747
5000,0.5,S4,0.5,0,3.235738327773979
5000,0.5,S4,0.5,1,1.6272270104671533
5000,0.5,S4,0.5,2,0.880079986661759
5000,0.5,S4,0.5,3,1.8518067042931605
5000,0.5,S4,0.5,4,2.411808580920811
5000,0.5,S4,0.5,5,1.730979002279942
5000,0.5,S4,0.5,6,1.1217184988216629
5000,0.5,S4,0.5,7,1.5287436506518306
5000,0.5,S4,0.5,8,2.0882023663132827
5000,0.5,S4,0.5,9,2.3695345831790497
5000,0.5,S4,1.0,0,2.3244700059341556
5000,0.5,S4,1.0,1,2.1808632067569653
5000,0.5,S4,1.0,2,0.9902123270762471
5000,0.5,S4,1.0,3,1.4660074134395435
5000,0.5,S4,1.0,4,2.3291369589780273
5000,0.5,S4,1.0,5,1.9332875592195036
5000,0.5,S4,1.0,6,3.2906516210953676
5000,0.5,S4,1.0,7,2.0192849865928197
5000,0.5,S4,1.0,8,1.9549635876500058
5000,0.5,S4,1.0,9,2.5081065668254117
50,1.0,S4,0.2,0,0.6537427483989047
50,1.0,S4,0.2,1,0.1785755351346591
50,1.0,S4,0.2,2,0.47973568665595506
50,1.0,S4,0.2,3,0.9271017802558091
50,1.0,S4,0.2,4,1.1438755071948956
50,1.0,S4,0.2,5,0.7448871438818463
50,1.0,S4,0.2,6,0.7917834714130427
50,1.0,S4,0.2,7,0.5498490298947992
50,1.0,S4,0.2,8,0.42566335889960316
50,1.0,S4,0.2,9,0.9759736950632534
50,1.0,S4,0.5,0,0.18450871105465394
50,1.0,S4,0.5,1,0.8364165284319325
50,1.0,S4,0.5,2,0.750346826989418
50,1.0,S4,0.5,3,1.2669089928684243
50,1.0,S4,0.5,4,0.5624785261581396
50,1.0,S4,0.5,5,0.39348408819210834
50,1.0,S4,0.5,6,0.8727682711745306
50,1.0,S4,0.5,7,0.11430350870024297
50,1.0,S4,0.5,8,1.074772418723719
50,1.0,S4,0.5,9,1.4218839275760815
50,1.0,S4,1.0,0,1.2104434215678128
50,1.0,S4,1.0,1,0.8071694336599566
50,1.0,S4,1.0,2,1.1404016962155867
50,1.0,S4,1.0,3,0.7825523818780391
50,1.0,S4,1.0,4,1.5177216728501852
50,1.0,S4,1.0,5,1.562118637443859
50,1.0,S4,1.0,6,1.7268578555474403
50,1.0,S4,1.0,7,0.45734328317471384
50,1.0,S4,1.0,8,2.4532067185980884
50,1.0,S4,1.0,9,0.4372941194926171
200,1.0,S4,0.2,0,1.2158473014462248
200,1.0,S4,0.2,1,0.9828213505893464
200,1.0,S4,0.2,2,0.6903135197272252
200,1.0,S4,0.2,3,0.7292848372371228
200,1.0,S4,0.2,4,0.9753020873522937
200,1.0,S4,0.2,5,1.3822481071486905
200,1.0,S4,0.2,6,0.8015464103609555
200,1.0,S4,0.2,7,1.0167256222861836
200,1.0,S4,0.2,8,1.0714529739565912
200,1.0,S4,0.2,9,1.0303210079954614
200,1.0,S4,0.5,0,1.094483897271508
200,1.0,S4,0.5,1,0.8348956838898579
200,1.0,S4,0.5,2,1.6465610897895737
200,1.0,S4,0.5,3,1.3267091551464905
200,1.0,S4,0.5,4,1.565388085385301
200,1.0,S4,0.5,5,1.0850744561678198
200,1.0,S4,0.5,6,0.9108275234264516
200,1.0,S4,0.5,7,0.6198902939499604
200,1.0,S4,0.5,8,1.12214662904983
200,1.0,S4,0.5,9,1.3859109378747891
200,1.0,S4,1.0,0,1.7258421140392097
200,1.0,S4,1.0,1,1.6038750787563663
200,1.0,S4,1.0,2,1.4656272774439705
200,1.0,S4,1.0,3,2.2445927292099657
200,1.0,S4,1.0,4,2.0459453038481517
200,1.0,S4,1.0,5,1.6082240104109957
200,1.0,S4,1.0,6,1.7675643391429716
200,1.0,S4,1.0,7,1.6471344642619843
200,1.0,S4,1.0,8,1.5934963254833834
200,1.0,S4,1.0,9,1.349357873704605
1000,1.0,S4,0.2,0,1.0969363116714754
1000,1.0,S4,0.2,1,1.0562045676786855
1000,1.0,S4,0.2,2,0.8057303076651403
1000,1.0,S4,0.2,3,1.1051130632947177
1000,1.0,S4,0.2,4,0.9310562634637469
1000,1.0,S4,0.2,5,1.7887554054884023
1000,1.0,S4,0.2,6,0.8566261046769682
1000,1.0,S4,0.2,7,1.0532822490108786
1000,1.0,S4,0.2,8,1.062093235864394
1000,1.0,S4,0.2,9,0.9334051144581921
1000,1.0,S4,0.5,0,1.4325689123447058
1000,1.0,S4,0.5,1,1.0684216391733554
1000,1.0,S4,0.5,2,1.252420976970482
1000,1.0,S4,0.5,3,1.3931633696249626
1000,1.0,S4,0.5,4,0.8565519884819257
1000,1.0,S4,0.5,5,1.0419928601139223
1000,1.0,S4,0.5,6,1.3559041454452987
1000,1.0,S4,0.5,7,1.223830679156507
1000,1.0,S4,0.5,8,1.2972882359402735
1000,1.0,S4,0.5,9,1.373035078662661
1000,1.0,S4,1.0,0,1.5914170886765844
1000,1.0,S4,1.0,1,1.9622195549022767
1000,1.0,S4,1.0,2,1.8385284524719925
1000,1.0,S4,1.0,3,1.8350253719337353
1000,1.0,S4,1.0,4,1.8190243753905118
1000,1.0,S4,1.0,5,2.110051751376967
1000,1.0,S4,1.0,6,2.2217314446378973
1000,1.0,S4,1.0,7,2.14536626317809
1000,1.0,S4,1.0,8,1.8595002905163998
1000,1.0,S4,1.0,9,2.033757861548019
5000,1.0,S4,0.2,0,1.0739673769723117
5000,1.0,S4,0.2,1,0.8753977253018637
5000,1.0,S4,0.2,2,0.7941111967251593
5000,1.0,S4,0.2,3,0.8805408768056523
5000,1.0,S4,0.2,4,1.153964833239549
5000,1.0,S4,0.2,5,0.9767006042725965
5000,1.0,S4,0.2,6,2.3402252185515318
5000,1.0,S4,0.2,7,1.2750004447525194
5000,1.0,S4,0.2,8,0.8153519460302954
5000,1.0,S4,0.2,9,0.831549231708085
5000,1.0,S4,0.5,0,1.4849242617462146
5000,1.0,S4,0.5,1,1.3087412077890093
5000,1.0,S4,0.5,2,0.78978814209067
5000,1.0,S4,0.5,3,1.296039754963755
5000,1.0,S4,0.5,4,2.184284451822232
5000,1.0,S4,0.5,5,4.2504369384337535
5000,1.0,S4,0.5,6,1.9319823682274129
5000,1.0,S4,0.5,7,0.9347090139759386
5000,1.0,S4,0.5,8,2.3360331534516394
5000,1.0,S4,0.5,9,1.110415622443696
5000,1.0,S4,1.0,0,1.2556819923741387
5000,1.0,S4,1.0,1,2.354307493166505
5000,1.0,S4,1.0,2,2.8039399868178587
5000,1.0,S4,1.0,3,1.9911501758829908
5000,1.0,S4,1.0,4,1.0517486489330226
5000,1.0,S4,1.0,5,1.455359397557063
5000,1.0,S4,1.0,6,2.2591555363654447
5000,1.0,S4,1.0,7,1.2516964887396496
5000,1.0,S4,1.0,8,2.1264849181611294
5000,1.0,S4,1.0,9,2.316071826493866
50,2.0,S4,0.2,0,0.37768919901428166
50,2.0,S4,0.2,1,0.8027486387387152
50,2.0,S4,0.2,2,0.20440057179421095
50,2.0,S4,0.2,3,0.9576452555636783
50,2.0,S4,0.2,4,0.7982260401201139
50,2.0,S4,0.2,5,0.6107092258791957
50,2.0,S4,0.2,6,0.7576241618495209
50,2.0,S4,0.2,7,0.47368282192674227
50,2.0,S4,0.2,8,1.2116816323864747
50,2.0,S4,0.2,9,0.6582914275984746
50,2.0,S4,0.5,0,1.278890512680798
50,2.0,S4,0.5,1,0.5700193249747363
50,2.0,S4,0.5,2,1.047478473552454
50,2.0,S4,0.5,3,1.0693055577665802
50,2.0,S4,0.5,4,0.9013079724197015
50,2.0,S4,0.5,5,0.7868479729016997
50,2.0,S4,0.5,6,1.121771048064403
50,2.0,S4,0.5,7,1.686997119622284
50,2.0,S4,0.5,8,0.7731223683523557
50,2.0,S4,0.5,9,0.4231944636726902
50,2.0,S4,1.0,0,1.693690891450312
50,2.0,S4,1.0,1,1.167837277054954
50,2.0,S4,1.0,2,1.3525543232091486
50,2.0,S4,1.0,3,1.0480856959355664
50,2.0,S4,1.0,4,1.6202701223835965
50,2.0,S4,1.0,5,1.0254884291586084
50,2.0,S4,1.0,6,1.2838404461247102
50,2.0,S4,1.0,7,1.75314470098411
50,2.0,S4,1.0,8,1.5473085937209659
50,2.0,S4,1.0,9,1.6037228524828102
200,2.0,S4,0.2,0,0.7892548531431836
200,2.0,S4,0.2,1,0.5955185497468924
200,2.0,S4,0.2,2,0.994382776627539
200,2.0,S4,0.2,3,0.7661325603130151
200,2.0,S4,0.2,4,0.36592526287169164
200,2.0,S4,0.2,5,0.6409685184869254
200,2.0,S4,0.2,6,0.7903927850284715
200,2.0,S4,0.2,7,0.8121651505984108
200,2.0,S4,0.2,8,0.8657271474540497
200,2.0,S4,0.2,9,0.7942005121713491
200,2.0,S4,0.5,0,1.0086248558446238
200,2.0,S4,0.5,1,0.813057654692836
200,2.0,S4,0.5,2,1.1349780663150226
200,2.0,S4,0.5,3,1.2511697653069043
200,2.0,S4,0.5,4,1.1362864817783247
200,2.0,S4,0.5,5,1.3075061304305975
200,2.0,S4,0.5,6,0.9864681594184107
200,2.0,S4,0.5,7,0.631784976565367
200,2.0,S4,0.5,8,1.221864995313237
200,2.0,S4,0.5,9,0.802933473934028
200,2.0,S4,1.0,0,1.4846318751116903
200,2.0,S4,1.0,1,2.133289343447539
200,2.0,S4,1.0,2,1.6513591293409589
200,2.0,S4,1.0,3,2.2341888048787246
200,2.0,S4,1.0,4,1.4591522486405748
200,2.0,S4,1.0,5,1.966621298240278
200,2.0,S4,1.0,6,1.503781616334301
200,2.0,S4,1.0,7,1.677462515593585
200,2.0,S4,1.0,8,2.0168363443454207
200,2.0,S4,1.0,9,1.893710086090636
1000,2.0,S4,0.2,0,0.8065701169527344
1000,2.0,S4,0.2,1,0.8960600142175834
1000,2.0,S4,0.2,2,0.9251165047841192
1000,2.0,S4,0.2,3,0.9071968588257356
1000,2.0,S4,0.2,4,1.096938398442542
1000,2.0,S4,0.2,5,0.8711605082627547
1000,2.0,S4,0.2,6,1.014713725331321
1000,2.0,S4,0.2,7,1.1657639292435709
1000,2.0,S4,0.2,8,0.8553477252570736
1000,2.0,S4,0.2,9,0.9177204036751003
1000,2.0,S4,0.5,0,1.340537209438085
1000,2.0,S4,0.5,1,1.5824192351784605
1000,2.0,S4,0.5,2,1.3645545375677817
1000,2.0,S4,0.5,3,1.1136600953103395
1000,2.0,S4,0.5,4,1.4566217421713834
1000,2.0,S4,0.5,5,1.2748740568936512
1000,2.0,S4,0.5,6,1.3242803911213226
1000,2.0,S4,0.5,7,4.76409473284602
1000,2.0,S4,0.5,8,3.7056087609484987
1000,2.0,S4,0.5,9,0.8125212637276411
1000,2.0,S4,1.0,0,1.7979010531397783
1000,2.0,S4,1.0,1,1.5604493339252072
1000,2.0,S4,1.0,2,2.115006864779177
1000,2.0,S4,1.0,3,2.05829856066221
1000,2.0,S4,1.0,4,1.8896710196950002
1000,2.0,S4,1.0,5,1.9193184005835608
1000,2.0,S4,1.0,6,1.893174194817431
1000,2.0,S4,1.0,7,2.049414208060527
1000,2.0,S4,1.0,8,1.7961311475911974
1000,2.0,S4,1.0,9,1.7733893835977377
5000,2.0,S4,0.2,0,0.8284662294748634
5000,2.0,S4,0.2,1,1.0482903933431318
5000,2.0,S4,0.2,2,0.839319195320468
5000,2.0,S4,0.2,3,1.027789661209852
5000,2.0,S4,0.2,4,1.0708876760835981
5000,2.0,S4,0.2,5,0.8030073091699151
5000,2.0,S4,0.2,6,1.2013829665851643
5000,2.0,S4,0.2,7,1.4122256332226961
5000,2.0,S4,0.2,8,1.2954739988045327
5000,2.0,S4,0.2,9,0.7807440170434184
5000,2.0,S4,0.5,0,1.3651564354638772
5000,2.0,S4,0.5,1,1.7482346724982605
5000,2.0,S4,0.5,2,1.0912524768761729
5000,2.0,S4,0.5,3,1.376613543129483
5000,2.0,S4,0.5,4,1.4818338851614516
5000,2.0,S4,0.5,5,0.9212944883025707
5000,2.0,S4,0.5,6,0.8552711344745608
5000,2.0,S4,0.5,7,0.9018456388313791
5000,2.0,S4,0.5,8,0.8899824327997327
5000,2.0,S4,0.5,9,1.6808662321690055
5000,2.0,S4,1.0,0,1.2166036433821823
5000,2.0,S4,1.0,1,1.5759324427443544
5000,2.0,S4,1.0,2,1.4498629202435385
5000,2.0,S4,1.0,3,1.4193456873086556
5000,2.0,S4,1.0,4,1.238243467776588
5000,2.0,S4,1.0,5,25.780965334756324
5000,2.0,S4,1.0,6,1.85528613453705
5000,2.0,S4,1.0,7,2.3070072695021864
5000,2.0,S4,1.0,8,1.1788652934904582
5000,2.0,S4,1.0,9,1.970132519002808
50,5.0,S4,0.2,0,0.7162253471404809
50,5.0,S4,0.2,1,0.626677265162469
50,5.0,S4,0.2,2,0.3947111925674426
50,5.0,S4,0.2,3,0.5861542309409875
50,5.0,S4,0.2,4,0.4557589865388802
50,5.0,S4,0.2,5,0.5926868362646518
50,5.0,S4,0.2,6,0.6359354282107277
50,5.0,S4,0.2,7,0.5258832746697342
50,5.0,S4,0.2,8,0.510426161059407
50,5.0,S4,0.2,9,0.6414151487003356
50,5.0,S4,0.5,0,0.9412557875490022
50,5.0,S4,0.5,1,1.132243824731487
50,5.0,S4,0.5,2,0.5753779314888267
50,5.0,S4,0.5,3,1.0975122058026199
50,5.0,S4,0.5,4,1.1060384568501471
50,5.0,S4,0.5,5,0.8199462770960019
50,5.0,S4,0.5,6,1.0917418448137837
50,5.0,S4,0.5,7,0.9317268179175804
50,5.0,S4,0.5,8,0.7625840566549564
50,5.0,S4,0.5,9,0.8059864218033079
50,5.0,S4,1.0,0,1.2288181777697724
50,5.0,S4,1.0,1,1.7787761884433348
50,5.0,S4,1.0,2,1.4849394912520248
50,5.0,S4,1.0,3,1.0662681749826226
50,5.0,S4,1.0,4,0.9685379131553439
50,5.0,S4,1.0,5,1.0945438421743723
50,5.0,S4,1.0,6,1.4557001393346798
50,5.0,S4,1.0,7,1.3963900771033502
50,5.0,S4,1.0,8,1.0699355833156157
50,5.0,S4,1.0,9,1.2568953119034842
200,5.0,S4,0.2,0,0.6924462134033424
200,5.0,S4,0.2,1,0.8336855852049632
200,5.0,S4,0.2,2,0.8593167793171916
200,5.0,S4,0.2,3,0.7721476579988339
200,5.0,S4,0.2,4,0.9005170087492973
200,5.0,S4,0.2,5,0.7333245334074702
200,5.0,S4,0.2,6,1.0235984259117772
200,5.0,S4,0.2,7,0.6984048875547824
200,5.0,S4,0.2,8,0.8810562390326157
200,5.0,S4,0.2,9,0.7722682808882047
200,5.0,S4,0.5,0,1.0831888418060074
200,5.0,S4,0.5,1,1.1161886798041383
200,5.0,S4,0.5,2,1.0047410549509774
200,5.0,S4,0.5,3,1.057035312780203
200,5.0,S4,0.5,4,0.9797820497475025
200,5.0,S4,0.5,5,0.9896041221819812
200,5.0,S4,0.5,6,1.1623999104282827
200,5.0,S4,0.5,7,1.1385985604153546
200,5.0,S4,0.5,8,1.2776397834174789
200,5.0,S4,0.5,9,1.0333072734807451
200,5.0,S4,1.0,0,1.1817326440755949
200,5.0,S4,1.0,1,2.2431136639745866
200,5.0,S4,1.0,2,1.522739711482865
200,5.0,S4,1.0,3,1.648087525543546
200,5.0,S4,1.0,4,1.8912298639274456
200,5.0,S4,1.0,5,1.57806961115839
200,5.0,S4,1.0,6,1.5626014816175324
200,5.0,S4,1.0,7,1.8874960971515384
200,5.0,S4,1.0,8,1.4903332874424196
200,5.0,S4,1.0,9,1.2890850352340304
1000,5.0,S4,0.2,0,0.851988901469938
1000,5.0,S4,0.2,1,1.016879480323816
1000,5.0,S4,0.2,2,0.9300038015058132
1000,5.0,S4,0.2,3,0.9061104936531809
1000,5.0,S4,0.2,4,1.1437296328211746
1000,5.0,S4,0.2,5,0.8059833979719396
1000,5.0,S4,0.2,6,0.8634316303674536
1000,5.0,S4,0.2,7,1.5103190342110335
1000,5.0,S4,0.2,8,1.0788271250754362
1000,5.0,S4,0.2,9,0.8121192242947453
1000,5.0,S4,0.5,0,1.1490945561246826
1000,5.0,S4,0.5,1,1.3874636199805614
1000,5.0,S4,0.5,2,1.5574531169192336
1000,5.0,S4,0.5,3,1.0769688971870846
1000,5.0,S4,0.5,4,1.1186011115181942
1000,5.0,S4,0.5,5,1.1751179830428438
1000,5.0,S4,0.5,6,1.2751308961118109
1000,5.0,S4,0.5,7,1.3485815687443594
1000,5.0,S4,0.5,8,1.1770963619607708
1000,5.0,S4,0.5,9,1.0528760162421382
1000,5.0,S4,1.0,0,1.755735198994097
1000,5.0,S4,1.0,1,2.089810563274968
1000,5.0,S4,1.0,2,2.0183203953216666
1000,5.0,S4,1.0,3,1.7195156035520467
1000,5.0,S4,1.0,4,1.832212839583059
1000,5.0,S4,1.0,5,2.0541283558673973
1000,5.0,S4,1.0,6,1.950628639254075
1000,5.0,S4,1.0,7,2.2564850891781956
1000,5.0,S4,1.0,8,2.049336606074728
1000,5.0,S4,1.0,9,1.7447615427983383
5000,5.0,S4,0.2,0,0.8343304753119367
5000,5.0,S4,0.2,1,0.8155379580849302
5000,5.0,S4,0.2,2,0.7712061328680813
5000,5.0,S4,0.2,3,0.801293039220024
5000,5.0,S4,0.2,4,0.9304567569641977
5000,5.0,S4,0.2,5,0.9743520012055041
5000,5.0,S4,0.2,6,1.1278088603151977
5000,5.0,S4,0.2,7,0.8173561219237081
5000,5.0,S4,0.2,8,0.8140126346493995
5000,5.0,S4,0.2,9,1.3674169632174171
5000,5.0,S4,0.5,0,0.8472810059465092
5000,5.0,S4,0.5,1,0.8762436595161369
5000,5.0,S4,0.5,2,0.8621989419155087
5000,5.0,S4,0.5,3,0.9009345587067843
5000,5.0,S4,0.5,4,1.5379012051000114
5000,5.0,S4,0.5,5,0.8541800646827857
5000,5.0,S4,0.5,6,0.8591592193960006
5000,5.0,S4,0.5,7,0.8524712818633468
5000,5.0,S4,0.5,8,0.8533835070516451
5000,5.0,S4,0.5,9,0.8767625517270755
5000,5.0,S4,1.0,0,1.5464737988631916
5000,5.0,S4,1.0,1,1.4494208634766212
5000,5.0,S4,1.0,2,1.7301798032357183
5000,5.0,S4,1.0,3,1.9188673766334792
5000,5.0,S4,1.0,4,1.966114386331038
5000,5.0,S4,1.0,5,1.2459322973294031
5000,5.0,S4,1.0,6,1.6420996229461315
5000,5.0,S4,1.0,7,2.501709714315166
5000,5.0,S4,1.0,8,1.2579178116589727
5000,5.0,S4,1.0,9,1.2474227087395309
50,0.5,S5,0.2,0,0.7226328595877192
50,0.5,S5,0.2,1,0.3770171757548566
50,0.5,S5,0.2,2,1.248961054333036
50,0.5,S5,0.2,3,0.07879461432823054
50,0.5,S5,0.2,4,1.220963132320589
50,0.5,S5,0.2,5,1.8277550766137807
50,0.5,S5,0.2,6,0.470228818002038
50,0.5,S5,0.2,7,0.9651593164858984
50,0.5,S5,0.2,8,1.235122123539476
50,0.5,S5,0.2,9,1.0988887453031342
50,0.5,S5,0.5,0,1.7481468433040652
50,0.5,S5,0.5,1,2.7939214109852553
50,0.5,S5,0.5,2,3.986537250506734
50,0.5,S5,0.5,3,1.306445719062224
50,0.5,S5,0.5,4,2.5177832080015605
50,0.5,S5,0.5,5,2.2785385648068726
50,0.5,S5,0.5,6,2.1983892357237433
50,0.5,S5,0.5,7,2.6223351853586134
50,0.5,S5,0.5,8,1.2448900774288765
50,0.5,S5,0.5,9,2.843575771189312
50,0.5,S5,1.0,0,5.990998377679426
50,0.5,S5,1.0,1,3.842204216424737
50,0.5,S5,1.0,2,6.788324063990306
50,0.5,S5,1.0,3,4.1472892899128055
50,0.5,S5,1.0,4,5.002334991788127
50,0.5,S5,1.0,5,3.390803621607148
50,0.5,S5,1.0,6,3.6526654449391502
50,0.5,S5,1.0,7,3.73619767420619
50,0.5,S5,1.0,8,4.767542930686085
50,0.5,S5,1.0,9,5.8518627899031355
200,0.5,S5,0.2,0,0.7641337520982426
200,0.5,S5,0.2,1,2.0516154869656247
200,0.5,S5,0.2,2,0.8704438394008491
200,0.5,S5,0.2,3,1.1797127374719547
200,0.5,S5,0.2,4,0.8392656252930308
200,0.5,S5,0.2,5,0.9875868580453653
200,0.5,S5,0.2,6,0.9579010118937756
200,0.5,S5,0.2,7,0.6406173574707268
200,0.5,S5,0.2,8,0.4584892963275107
200,0.5,S5,0.2,9,0.05536917741380315
200,0.5,S5,0.5,0,3.6120706045327386
200,0.5,S5,0.5,1,3.645128435841841
200,0.5,S5,0.5,2,2.946688868904735
200,0.5,S5,0.5,3,3.4372212554024237
200,0.5,S5,0.5,4,2.9397522535548424
200,0.5,S5,0.5,5,3.2903665485362166
200,0.5,S5,0.5,6,2.9605902939186497
200,0.5,S5,0.5,7,1.8466223954358396
200,0.5,S5,0.5,8,3.298267718565596
200,0.5,S5,0.5,9,2.1778575159763984
200,0.5,S5,1.0,0,4.934353477576728
200,0.5,S5,1.0,1,6.624289596177146
200,0.5,S5,1.0,2,9.373216168911696
200,0.5,S5,1.0,3,8.216481145839854
200,0.5,S5,1.0,4,6.220437094207587
200,0.5,S5,1.0,5,6.617638405532369
200,0.5,S5,1.0,6,6.074483485646481
200,0.5,S5,1.0,7,5.501755224710814
200,0.5,S5,1.0,8,7.126378613189818
200,0.5,S5,1.0,9,6.3977068707469895
1000,0.5,S5,0.2,0,1.1034156241917072
1000,0.5,S5,0.2,1,1.123175915547168
1000,0.5,S5,0.2,2,0.7618827792016134
1000,0.5,S5,0.2,3,1.4575295800533314
1000,0.5,S5,0.2,4,1.1864201830901437
1000,0.5,S5,0.2,5,1.8873156371014717
1000,0.5,S5,0.2,6,0.8596093759814873
1000,0.5,S5,0.2,7,0.9281132947392563
1000,0.5,S5,0.2,8,0.9840380670948221
1000,0.5,S5,0.2,9,0.35800756371038833
1000,0.5,S5,0.5,0,2.9628318293021376
1000,0.5,S5,0.5,1,3.57738067955343
1000,0.5,S5,0.5,2,2.731571647249451
1000,0.5,S5,0.5,3,3.0698043611933334
1000,0.5,S5,0.5,4,3.051216500674297
1000,0.5,S5,0.5,5,4.0229427405973865
1000,0.5,S5,0.5,6,4.135383482088855
1000,0.5,S5,0.5,7,9.21404626058921
1000,0.5,S5,0.5,8,5.573050298814722
1000,0.5,S5,0.5,9,2.8955371100698644
1000,0.5,S5,1.0,0,8.61908434657662
1000,0.5,S5,1.0,1,11.068666629619274
1000,0.5,S5,1.0,2,7.45271940440368
1000,0.5,S5,1.0,3,6.771101444498653
1000,0.5,S5,1.0,4,12.358866735768544
1000,0.5,S5,1.0,5,7.061628872278527
1000,0.5,S5,1.0,6,8.041273775118064
1000,0.5,S5,1.0,7,8.270804566384577
1000,0.5,S5,1.0,8,9.244212339754855
1000,0.5,S5,1.0,9,8.483676947568972
5000,0.5,S5,0.2,0,3.0470184516686576
5000,0.5,S5,0.2,1,2.733391296091426
5000,0.5,S5,0.2,2,4.980202567784751
5000,0.5,S5,0.2,3,4.487322552534045
5000,0.5,S5,0.2,4,4.165986154314452
5000,0.5,S5,0.2,5,3.266665293980263
5000,0.5,S5,0.2,6,1.4373540401391682
5000,0.5,S5,0.2,7,1.5798803265074495
5000,0.5,S5,0.2,8,3.0873188762585237
5000,0.5,S5,0.2,9,6.366133049632854
5000,0.5,S5,0.5,0,3.793928889435793
5000,0.5,S5,0.5,1,7.2954559705542925
5000,0.5,S5,0.5,2,4.738938072169484
5000,0.5,S5,0.5,3,3.7726722263876624
5000,0.5,S5,0.5,4,4.2661253473619585
5000,0.5,S5,0.5,5,5.797764912127069
5000,0.5,S5,0.5,6,3.3474043379057794
5000,0.5,S5,0.5,7,5.899273019915775
5000,0.5,S5,0.5,8,6.669676362813528
5000,0.5,S5,0.5,9,6.71021603541323
5000,0.5,S5,1.0,0,11.218336345386719
5000,0.5,S5,1.0,1,9.639318876572043
5000,0.5,S5,1.0,2,10.09534398076792
5000,0.5,S5,1.0,3,8.060885806133477
5000,0.5,S5,1.0,4,11.680750954991778
5000,0.5,S5,1.0,5,9.481905289572037
5000,0.5,S5,1.0,6,7.818302131788179
5000,0.5,S5,1.0,7,11.05615121010081
5000,0.5,S5,1.0,8,10.014421827276927
5000,0.5,S5,1.0,9,10.795804654614368
50,1.0,S5,0.2,0,0.4471496682824818
50,1.0,S5,0.2,1,1.329581400973624
50,1.0,S5,0.2,2,0.25755560463243565
50,1.0,S5,0.2,3,0.2470653146754591
50,1.0,S5,0.2,4,1.005789982753967
50,1.0,S5,0.2,5,0.8001045265590723
50,1.0,S5,0.2,6,0.7391183836380488
50,1.0,S5,0.2,7,0.4471268510971347
50,1.0,S5,0.2,8,0.6874548473309829
50,1.0,S5,0.2,9,0.8742326902439812
50,1.0,S5,0.5,0,3.035617003524731
50,1.0,S5,0.5,1,1.9101369211305126
50,1.0,S5,0.5,2,2.8930562706361065
50,1.0,S5,0.5,3,2.8287101419231684
50,1.0,S5,0.5,4,3.292537102550713
50,1.0,S5,0.5,5,3.481144208206765
50,1.0,S5,0.5,6,2.0681474485799263
50,1.0,S5,0.5,7,2.3197629739579795
50,1.0,S5,0.5,8,3.0262719821009805
50,1.0,S5,0.5,9,3.230652292877471
50,1.0,S5,1.0,0,4.119112319039031
50,1.0,S5,1.0,1,5.771086855262126
50,1.0,S5,1.0,2,3.3017683929400716
50,1.0,S5,1.0,3,4.279464064844828
50,1.0,S5,1.0,4,4.558336868202053
50,1.0,S5,1.0,5,5.001909380897914
50,1.0,S5,1.0,6,6.582981214657491
50,1.0,S5,1.0,7,6.671802179693196
50,1.0,S5,1.0,8,7.080163207928189
50,1.0,S5,1.0,9,3.957624904454578
200,1.0,S5,0.2,0,1.4641030651257727
200,1.0,S5,0.2,1,0.7486661256166316
200,1.0,S5,0.2,2,0.9715356837008653
200,1.0,S5,0.2,3,1.1068259973218757
200,1.0,S5,0.2,4,1.2199114729977294
200,1.0,S5,0.2,5,1.604301174955168
200,1.0,S5,0.2,6,0.8499483868071331
200,1.0,S5,0.2,7,1.1838875344666198
200,1.0,S5,0.2,8,1.1827655042354255
200,1.0,S5,0.2,9,0.5282605146912998
200,1.0,S5,0.5,0,3.335497663923215
200,1.0,S5,0.5,1,2.4238974477237667
200,1.0,S5,0.5,2,2.7108402681511707
200,1.0,S5,0.5,3,2.4336734973581504
200,1.0,S5,0.5,4,3.4006667773564225
200,1.0,S5,0.5,5,2.3432617798160917
200,1.0,S5,0.5,6,2.1840608509459734
200,1.0,S5,0.5,7,3.6090249537968857
200,1.0,S5,0.5,8,2.470418625145466
200,1.0,S5,0.5,9,5.200300916969189
200,1.0,S5,1.0,0,5.699700254883041
200,1.0,S5,1.0,1,5.6644873212803954
200,1.0,S5,1.0,2,6.851554078358122
200,1.0,S5,1.0,3,8.020028543827884
200,1.0,S5,1.0,4,5.385331937486459
200,1.0,S5,1.0,5,6.706641238139449
200,1.0,S5,1.0,6,4.844919194462814
200,1.0,S5,1.0,7,5.654399672201801
200,1.0,S5,1.0,8,7.852996185396552
200,1.0,S5,1.0,9,6.984370275943716
1000,1.0,S5,0.2,0,1.0902894999661934
1000,1.0,S5,0.2,1,1.0557686214176902
1000,1.0,S5,0.2,2,1.0463496079775907
1000,1.0,S5,0.2,3,1.0328451462965318
1000,1.0,S5,0.2,4,2.1834984338906525
1000,1.0,S5,0.2,5,0.7592110704092732
1000,1.0,S5,0.2,6,0.945833656038918
1000,1.0,S5,0.2,7,0.6375422108528213
1000,1.0,S5,0.2,8,1.0576768713898694
1000,1.0,S5,0.2,9,1.5871119710278325
1000,1.0,S5,0.5,0,3.6298377396925057
1000,1.0,S5,0.5,1,4.039987946222249
1000,1.0,S5,0.5,2,4.46449601696666
1000,1.0,S5,0.5,3,2.9311129322591825
1000,1.0,S5,0.5,4,3.5475675454447835
1000,1.0,S5,0.5,5,3.8362759395342354
1000,1.0,S5,0.5,6,3.596510289627919
1000,1.0,S5,0.5,7,3.448650654821623
1000,1.0,S5,0.5,8,4.273041811566745
1000,1.0,S5,0.5,9,3.759769084466784
1000,1.0,S5,1.0,0,7.167423057834866
1000,1.0,S5,1.0,1,6.933321319346009
1000,1.0,S5,1.0,2,7.830582547763788
1000,1.0,S5,1.0,3,6.618206559133405
1000,1.0,S5,1.0,4,7.409978606131605
1000,1.0,S5,1.0,5,9.486143657598411
1000,1.0,S5,1.0,6,8.322985390160747
1000,1.0,S5,1.0,7,9.898797193710477
1000,1.0,S5,1.0,8,8.367407801927722
1000,1.0,S5,1.0,9,10.004670426055675
5000,1.0,S5,0.2,0,3.3112304738965617
5000,1.0,S5,0.2,1,3.208310028205948
5000,1.0,S5,0.2,2,3.341807611516646
5000,1.0,S5,0.2,3,2.978951543810014
5000,1.0,S5,0.2,4,2.5551773154677146
5000,1.0,S5,0.2,5,4.06361598484614
5000,1.0,S5,0.2,6,2.5276472644110703
5000,1.0,S5,0.2,7,2.31727424306099
5000,1.0,S5,0.2,8,1.2407299461955885
5000,1.0,S5,0.2,9,2.6524043705234686
5000,1.0,S5,0.5,0,4.877784687179323
5000,1.0,S5,0.5,1,4.675076374363824
5000,1.0,S5,0.5,2,5.409368541361626
5000,1.0,S5,0.5,3,5.790012036130579
5000,1.0,S5,0.5,4,4.866483459783835
5000,1.0,S5,0.5,5,4.258295067681213
5000,1.0,S5,0.5,6,6.138483760591216
5000,1.0,S5,0.5,7,6.454636459620094
5000,1.0,S5,0.5,8,6.067238886222002
5000,1.0,S5,0.5,9,3.4363063896327897
5000,1.0,S5,1.0,0,7.756102502517672
5000,1.0,S5,1.0,1,9.885222828748406
5000,1.0,S5,1.0,2,11.750224232321845
5000,1.0,S5,1.0,3,10.994842973403365
5000,1.0,S5,1.0,4,12.225019321055038
5000,1.0,S5,1.0,5,11.394132815667298
5000,1.0,S5,1.0,6,11.319532529269253
5000,1.0,S5,1.0,7,10.196675045564444
5000,1.0,S5,1.0,8,7.652937099604487
5000,1.0,S5,1.0,9,9.90617162249457
50,2.0,S5,0.2,0,0.5200563722799627
50,2.0,S5,0.2,1,0.42995816173655776
50,2.0,S5,0.2,2,0.7222837287887418
50,2.0,S5,0.2,3,0.7536795682431598
50,2.0,S5,0.2,4,0.9104980916852654
50,2.0,S5,0.2,5,0.5370927982668441
50,2.0,S5,0.2,6,0.5883660684706311
50,2.0,S5,0.2,7,0.7848762211537961
50,2.0,S5,0.2,8,0.950669570461258
50,2.0,S5,0.2,9,0.5758462509130131
50,2.0,S5,0.5,0,1.8278959999770301
50,2.0,S5,0.5,1,2.0858073101882817
50,2.0,S5,0.5,2,3.190736463725592
50,2.0,S5,0.5,3,1.892982991539616
50,2.0,S5,0.5,4,2.3530656996003207
50,2.0,S5,0.5,5,1.875997853511239
50,2.0,S5,0.5,6,1.357927870300767
50,2.0,S5,0.5,7,1.5487323787312528
50,2.0,S5,0.5,8,2.85906302548684
50,2.0,S5,0.5,9,3.2118226598926682
50,2.0,S5,1.0,0,3.6948497895936603
50,2.0,S5,1.0,1,5.480900641368662
50,2.0,S5,1.0,2,3.693483304966423
50,2.0,S5,1.0,3,5.098995433784949
50,2.0,S5,1.0,4,4.319771169434396
50,2.0,S5,1.0,5,5.344055576797182
50,2.0,S5,1.0,6,4.2860923527784855
50,2.0,S5,1.0,7,6.201343093482695
50,2.0,S5,1.0,8,5.091333360246711
50,2.0,S5,1.0,9,3.3016272699945164
200,2.0,S5,0.2,0,0.8490004493019596
200,2.0,S5,0.2,1,1.0238135047009578
200,2.0,S5,0.2,2,0.9695381195753725
200,2.0,S5,0.2,3,0.4349047422393879
200,2.0,S5,0.2,4,0.7571148531364709
200,2.0,S5,0.2,5,0.775631170173182
200,2.0,S5,0.2,6,1.2722624427504172
200,2.0,S5,0.2,7,0.7389464004557145
200,2.0,S5,0.2,8,0.8267960603529734
200,2.0,S5,0.2,9,1.0410453674910483
200,2.0,S5,0.5,0,2.2467225238633137
200,2.0,S5,0.5,1,2.6792486555530584
200,2.0,S5,0.5,2,2.606311398704853
200,2.0,S5,0.5,3,2.814292876913355
200,2.0,S5,0.5,4,2.397456365459706
200,2.0,S5,0.5,5,2.9388986806643307
200,2.0,S5,0.5,6,2.966269947119425
200,2.0,S5,0.5,7,2.5995905734784013
200,2.0,S5,0.5,8,3.2889623471278364
200,2.0,S5,0.5,9,2.77377330301693
200,2.0,S5,1.0,0,6.118815359822141
200,2.0,S5,1.0,1,6.931260346560199
200,2.0,S5,1.0,2,7.973162455956128
200,2.0,S5,1.0,3,5.866521172451495
200,2.0,S5,1.0,4,8.264834485151919
200,2.0,S5,1.0,5,7.2107464133767225
200,2.0,S5,1.0,6,7.072901093013591
200,2.0,S5,1.0,7,5.563789614010125
200,2.0,S5,1.0,8,7.736261748730526
200,2.0,S5,1.0,9,6.833050256051635
1000,2.0,S5,0.2,0,0.9079339839089478
1000,2.0,S5,0.2,1,1.192006366973653
1000,2.0,S5,0.2,2,0.9506447741195736
1000,2.0,S5,0.2,3,0.9119930071137285
1000,2.0,S5,0.2,4,0.7799871255090642
1000,2.0,S5,0.2,5,0.9648470876031809
1000,2.0,S5,0.2,6,0.7927704514169607
1000,2.0,S5,0.2,7,0.8634437675733517
1000,2.0,S5,0.2,8,1.1565205887897072
1000,2.0,S5,0.2,9,1.0160066189775192
1000,2.0,S5,0.5,0,4.3504398883839315
1000,2.0,S5,0.5,1,3.7907188536416934
1000,2.0,S5,0.5,2,3.0273220779514007
1000,2.0,S5,0.5,3,3.4349615973178405
1000,2.0,S5,0.5,4,3.563468717425761
1000,2.0,S5,0.5,5,6.208806463726089
1000,2.0,S5,0.5,6,3.313791981827441
1000,2.0,S5,0.5,7,3.220646320118422
1000,2.0,S5,0.5,8,3.17262826152725
1000,2.0,S5,0.5,9,3.27316529892612
1000,2.0,S5,1.0,0,6.694445379699472
1000,2.0,S5,1.0,1,9.001670461662265
1000,2.0,S5,1.0,2,7.034673977686959
1000,2.0,S5,1.0,3,7.464701173291753
1000,2.0,S5,1.0,4,12.132911781652956
1000,2.0,S5,1.0,5,7.734696761922157
1000,2.0,S5,1.0,6,7.631105675406859
1000,2.0,S5,1.0,7,6.723306557938441
1000,2.0,S5,1.0,8,6.76785406371705
1000,2.0,S5,1.0,9,8.440515830322385
5000,2.0,S5,0.2,0,1.0662032096328913
5000,2.0,S5,0.2,1,1.1364082211749822
5000,2.0,S5,0.2,2,2.3365396712164044
5000,2.0,S5,0.2,3,2.774655130321029
5000,2.0,S5,0.2,4,2.1355550190466897
5000,2.0,S5,0.2,5,1.673726811201887
5000,2.0,S5,0.2,6,1.8265847744226456
5000,2.0,S5,0.2,7,3.0463509963756388
5000,2.0,S5,0.2,8,2.463470614949939
5000,2.0,S5,0.2,9,2.7820097429828543
5000,2.0,S5,0.5,0,5.218549624748051
5000,2.0,S5,0.5,1,3.6441374827559825
5000,2.0,S5,0.5,2,4.163663436156414
5000,2.0,S5,0.5,3,5.30007616372558
5000,2.0,S5,0.5,4,4.896484836345064
5000,2.0,S5,0.5,5,3.7128395962144385
5000,2.0,S5,0.5,6,5.50391835983311
5000,2.0,S5,0.5,7,6.627369507961359
5000,2.0,S5,0.5,8,4.742965573312151
5000,2.0,S5,0.5,9,4.220329122938828
5000,2.0,S5,1.0,0,10.85160892838761
5000,2.0,S5,1.0,1,9.712531143399268
5000,2.0,S5,1.0,2,9.860855044145518
5000,2.0,S5,1.0,3,11.27317900954902
5000,2.0,S5,1.0,4,9.272044407442024
5000,2.0,S5,1.0,5,14.414935881104695
5000,2.0,S5,1.0,6,8.443724219929656
5000,2.0,S5,1.0,7,10.37934797507689
5000,2.0,S5,1.0,8,10.903638181096628
5000,2.0,S5,1.0,9,11.054456869146637
50,5.0,S5,0.2,0,0.27118329775497374
50,5.0,S5,0.2,1,0.6921805882902028
50,5.0,S5,0.2,2,1.0699176082514654
50,5.0,S5,0.2,3,0.7523269293796766
50,5.0,S5,0.2,4,1.0668619961816699
50,5.0,S5,0.2,5,0.6186616094729345
50,5.0,S5,0.2,6,0.8400498146308444
50,5.0,S5,0.2,7,0.47048685843820515
50,5.0,S5,0.2,8,0.6100915879649653
50,5.0,S5,0.2,9,0.43554694672970784
50,5.0,S5,0.5,0,2.710702382895871
50,5.0,S5,0.5,1,2.7447254019587417
50,5.0,S5,0.5,2,1.8374614760641954
50,5.0,S5,0.5,3,1.9541594003867726
50,5.0,S5,0.5,4,2.8982317308694423
50,5.0,S5,0.5,5,1.199274238266054
50,5.0,S5,0.5,6,2.0731733844080327
50,5.0,S5,0.5,7,2.549263620664907
50,5.0,S5,0.5,8,2.222786888155401
50,5.0,S5,0.5,9,2.5728421635924335
50,5.0,S5,1.0,0,4.657413141473141
50,5.0,S5,1.0,1,5.7900208447636015
50,5.0,S5,1.0,2,5.573829370118443
50,5.0,S5,1.0,3,4.849910009428471
50,5.0,S5,1.0,4,4.6050716012939805
50,5.0,S5,1.0,5,5.228111010251309
50,5.0,S5,1.0,6,8.028388923109945
50,5.0,S5,1.0,7,4.370513851271205
50,5.0,S5,1.0,8,4.367090760189141
50,5.0,S5,1.0,9,4.229055398171694
200,5.0,S5,0.2,0,0.7828018653326736
200,5.0,S5,0.2,1,0.5874579926370298
200,5.0,S5,0.2,2,1.125661535660747
200,5.0,S5,0.2,3,0.7112080273130719
200,5.0,S5,0.2,4,0.8452837824751251
200,5.0,S5,0.2,5,0.848239786005198
200,5.0,S5,0.2,6,0.9880193106984472
200,5.0,S5,0.2,7,1.002550298531254
200,5.0,S5,0.2,8,0.7818193206430635
200,5.0,S5,0.2,9,0.6670324479418066
200,5.0,S5,0.5,0,2.536053839837076
200,5.0,S5,0.5,1,2.613465928242909
200,5.0,S5,0.5,2,3.764345699339432
200,5.0,S5,0.5,3,2.4773872126210374
200,5.0,S5,0.5,4,2.622107547036371
200,5.0,S5,0.5,5,2.1833460133957505
200,5.0,S5,0.5,6,2.939477329908673
200,5.0,S5,0.5,7,3.1611505814812046
200,5.0,S5,0.5,8,3.223110560967927
200,5.0,S5,0.5,9,2.3058137156795455
200,5.0,S5,1.0,0,8.308910838813492
200,5.0,S5,1.0,1,9.23697132754322
200,5.0,S5,1.0,2,5.939788185328339
200,5.0,S5,1.0,3,8.225017063090865
200,5.0,S5,1.0,4,6.840907501113797
200,5.0,S5,1.0,5,4.377861254382645
200,5.0,S5,1.0,6,8.48997683083456
200,5.0,S5,1.0,7,6.892710879164501
200,5.0,S5,1.0,8,5.14883938092086
200,5.0,S5,1.0,9,6.026420542164708
1000,5.0,S5,0.2,0,2.295131584860538
1000,5.0,S5,0.2,1,0.9772398548020975
1000,5.0,S5,0.2,2,0.9834519157908961
1000,5.0,S5,0.2,3,0.957838605807233
1000,5.0,S5,0.2,4,1.1390742513421657
1000,5.0,S5,0.2,5,0.9084710582995106
1000,5.0,S5,0.2,6,1.3105282228599466
1000,5.0,S5,0.2,7,1.037449006543386
1000,5.0,S5,0.2,8,2.2747585920948588
1000,5.0,S5,0.2,9,2.434454456097121
1000,5.0,S5,0.5,0,4.033077048349362
1000,5.0,S5,0.5,1,3.676973287377792
1000,5.0,S5,0.5,2,4.889498198717467
1000,5.0,S5,0.5,3,3.616696961622143
1000,5.0,S5,0.5,4,6.197144596227224
1000,5.0,S5,0.5,5,3.408271648527302
1000,5.0,S5,0.5,6,3.4502403595001585
1000,5.0,S5,0.5,7,4.474476617203301
1000,5.0,S5,0.5,8,4.028802619021091
1000,5.0,S5,0.5,9,3.397623239581046
1000,5.0,S5,1.0,0,7.2379223915602955
1000,5.0,S5,1.0,1,9.7020540293201
1000,5.0,S5,1.0,2,6.923616395996943
1000,5.0,S5,1.0,3,7.364487163672904
1000,5.0,S5,1.0,4,7.086106973596749
1000,5.0,S5,1.0,5,7.433774260934802
1000,5.0,S5,1.0,6,7.097399453655651
1000,5.0,S5,1.0,7,10.322730744169036
1000,5.0,S5,1.0,8,7.756459781152565
1000,5.0,S5,1.0,9,7.086152180025498
5000,5.0,S5,0.2,0,2.5285198739712795
5000,5.0,S5,0.2,1,2.4367966377401773
5000,5.0,S5,0.2,2,2.377993459072291
5000,5.0,S5,0.2,3,2.612075037586962
5000,5.0,S5,0.2,4,1.0585645858381225
5000,5.0,S5,0.2,5,2.6138699837031325
5000,5.0,S5,0.2,6,2.935056921763129
5000,5.0,S5,0.2,7,2.0690824425880048
5000,5.0,S5,0.2,8,1.1432373049536229
5000,5.0,S5,0.2,9,2.736248077091182
5000,5.0,S5,0.5,0,5.3828024946498125
5000,5.0,S5,0.5,1,5.756397899985849
5000,5.0,S5,0.5,2,5.5870118199325205
5000,5.0,S5,0.5,3,4.936264692746483
5000,5.0,S5,0.5,4,6.728511050034265
5000,5.0,S5,0.5,5,3.318085283298354
5000,5.0,S5,0.5,6,3.4602582858597346
5000,5.0,S5,0.5,7,5.328247506349381
5000,5.0,S5,0.5,8,5.209359819855615
5000,5.0,S5,0.5,9,4.851766560686416
5000,5.0,S5,1.0,0,11.531085673856314
5000,5.0,S5,1.0,1,10.750416823546669
5000,5.0,S5,1.0,2,9.102814382407775
5000,5.0,S5,1.0,3,7.875550710156559
5000,5.0,S5,1.0,4,8.331532461336911
5000,5.0,S5,1.0,5,9.604026160384864
5000,5.0,S5,1.0,6,10.944750675683721
5000,5.0,S5,1.0,7,12.122256673230682
5000,5.0,S5,1.0,8,9.211574303347243
5000,5.0,S5,1.0,9,9.55291817245675
